virtualTreeList,siteNodeId,labelCollections,pid,bodyRelationId
"[{'id': '64b5edf8980c963216b59767', 'nodeName': '生物分类虚拟树', 'virtualTreeType': '自建', 'type': 'BODY', 'snType': 0, 'siteId': '637dde4778d2a708fc7ba545', 'lastTreeId': None, 'remark': None, 'createBy': '6371facc0c4e657602bd8955', 'updateBy': '6371facc0c4e657602bd8955', 'createTime': '2023-07-18', 'updateTime': '2023-07-18', 'children': None}]",637dde4778d2a708fc7ba545@64b5ee70980c963216b59786,,,64b5edf8980c963216b59768
"[{'id': '64b5edf8980c963216b59767', 'nodeName': '生物分类虚拟树', 'virtualTreeType': '自建', 'type': 'BODY', 'snType': 0, 'siteId': '637dde4778d2a708fc7ba545', 'lastTreeId': None, 'remark': None, 'createBy': '6371facc0c4e657602bd8955', 'updateBy': '6371facc0c4e657602bd8955', 'createTime': '2023-07-18', 'updateTime': '2023-07-18', 'children': None}]",637dde4778d2a708fc7ba545@64b5ee70980c963216b59787,,,64b5edf8980c963216b59768
"[{'id': '64b5edf8980c963216b59767', 'nodeName': '生物分类虚拟树', 'virtualTreeType': '自建', 'type': 'BODY', 'snType': 0, 'siteId': '637dde4778d2a708fc7ba545', 'lastTreeId': None, 'remark': None, 'createBy': '6371facc0c4e657602bd8955', 'updateBy': '6371facc0c4e657602bd8955', 'createTime': '2023-07-18', 'updateTime': '2023-07-18', 'children': None}]",637dde4778d2a708fc7ba545@64b5ee70980c963216b59789,,,64b5edf8980c963216b59768
"[{'id': '64b5edf8980c963216b59767', 'nodeName': '生物分类虚拟树', 'virtualTreeType': '自建', 'type': 'BODY', 'snType': 0, 'siteId': '637dde4778d2a708fc7ba545', 'lastTreeId': None, 'remark': None, 'createBy': '6371facc0c4e657602bd8955', 'updateBy': '6371facc0c4e657602bd8955', 'createTime': '2023-07-18', 'updateTime': '2023-07-18', 'children': None}]",637dde4778d2a708fc7ba545@64b5ee70980c963216b5978a,,,64b5edf8980c963216b59768
"[{'id': '64b5edf8980c963216b59767', 'nodeName': '生物分类虚拟树', 'virtualTreeType': '自建', 'type': 'BODY', 'snType': 0, 'siteId': '637dde4778d2a708fc7ba545', 'lastTreeId': None, 'remark': None, 'createBy': '6371facc0c4e657602bd8955', 'updateBy': '6371facc0c4e657602bd8955', 'createTime': '2023-07-18', 'updateTime': '2023-07-18', 'children': None}]",637dde4778d2a708fc7ba545@64b5ee70980c963216b5978b,,,64b5edf8980c963216b59768
"[{'id': '64b5edf8980c963216b59767', 'nodeName': '生物分类虚拟树', 'virtualTreeType': '自建', 'type': 'BODY', 'snType': 0, 'siteId': '637dde4778d2a708fc7ba545', 'lastTreeId': None, 'remark': None, 'createBy': '6371facc0c4e657602bd8955', 'updateBy': '6371facc0c4e657602bd8955', 'createTime': '2023-07-18', 'updateTime': '2023-07-18', 'children': None}]",637dde4778d2a708fc7ba545@64b5ef81980c963216b597e4,,637dde4778d2a708fc7ba545@64b5ee70980c963216b59786,64b5edf8980c963216b59769
"[{'id': '64b5edf8980c963216b59767', 'nodeName': '生物分类虚拟树', 'virtualTreeType': '自建', 'type': 'BODY', 'snType': 0, 'siteId': '637dde4778d2a708fc7ba545', 'lastTreeId': None, 'remark': None, 'createBy': '6371facc0c4e657602bd8955', 'updateBy': '6371facc0c4e657602bd8955', 'createTime': '2023-07-18', 'updateTime': '2023-07-18', 'children': None}]",637dde4778d2a708fc7ba545@64b5ef90980c963216b597ed,,637dde4778d2a708fc7ba545@64b5ef81980c963216b597e4,64b5edf8980c963216b5976a
"[{'id': '64b5edf8980c963216b59767', 'nodeName': '生物分类虚拟树', 'virtualTreeType': '自建', 'type': 'BODY', 'snType': 0, 'siteId': '637dde4778d2a708fc7ba545', 'lastTreeId': None, 'remark': None, 'createBy': '6371facc0c4e657602bd8955', 'updateBy': '6371facc0c4e657602bd8955', 'createTime': '2023-07-18', 'updateTime': '2023-07-18', 'children': None}]",637dde4778d2a708fc7ba545@64b5ef9c980c963216b597f3,,637dde4778d2a708fc7ba545@64b5ef90980c963216b597ed,64b5edf8980c963216b5976b
"[{'id': '64b5edf8980c963216b59767', 'nodeName': '生物分类虚拟树', 'virtualTreeType': '自建', 'type': 'BODY', 'snType': 0, 'siteId': '637dde4778d2a708fc7ba545', 'lastTreeId': None, 'remark': None, 'createBy': '6371facc0c4e657602bd8955', 'updateBy': '6371facc0c4e657602bd8955', 'createTime': '2023-07-18', 'updateTime': '2023-07-18', 'children': None}]",637dde4778d2a708fc7ba545@64b5efa6980c963216b597f9,,637dde4778d2a708fc7ba545@64b5ef9c980c963216b597f3,64b5edf8980c963216b5976c
"[{'id': '64b5edf8980c963216b59767', 'nodeName': '生物分类虚拟树', 'virtualTreeType': '自建', 'type': 'BODY', 'snType': 0, 'siteId': '637dde4778d2a708fc7ba545', 'lastTreeId': None, 'remark': None, 'createBy': '6371facc0c4e657602bd8955', 'updateBy': '6371facc0c4e657602bd8955', 'createTime': '2023-07-18', 'updateTime': '2023-07-18', 'children': None}]",637dde4778d2a708fc7ba545@64b5efb1980c963216b597ff,,637dde4778d2a708fc7ba545@64b5efa6980c963216b597f9,64b5edf8980c963216b5976d
"[{'id': '64b5edf8980c963216b59767', 'nodeName': '生物分类虚拟树', 'virtualTreeType': '自建', 'type': 'BODY', 'snType': 0, 'siteId': '637dde4778d2a708fc7ba545', 'lastTreeId': None, 'remark': None, 'createBy': '6371facc0c4e657602bd8955', 'updateBy': '6371facc0c4e657602bd8955', 'createTime': '2023-07-18', 'updateTime': '2023-07-18', 'children': None}]",637dde4778d2a708fc7ba545@64b5efbd980c963216b59805,,637dde4778d2a708fc7ba545@64b5efb1980c963216b597ff,64b5edf8980c963216b5976e
"[{'id': '64b5edf8980c963216b59767', 'nodeName': '生物分类虚拟树', 'virtualTreeType': '自建', 'type': 'BODY', 'snType': 0, 'siteId': '637dde4778d2a708fc7ba545', 'lastTreeId': None, 'remark': None, 'createBy': '6371facc0c4e657602bd8955', 'updateBy': '6371facc0c4e657602bd8955', 'createTime': '2023-07-18', 'updateTime': '2023-07-18', 'children': None}]",637dde4778d2a708fc7ba545@64b5f007980c963216b59815,,637dde4778d2a708fc7ba545@64b5ef81980c963216b597e4,64b5edf8980c963216b5976a
"[{'id': '64b5edf8980c963216b59767', 'nodeName': '生物分类虚拟树', 'virtualTreeType': '自建', 'type': 'BODY', 'snType': 0, 'siteId': '637dde4778d2a708fc7ba545', 'lastTreeId': None, 'remark': None, 'createBy': '6371facc0c4e657602bd8955', 'updateBy': '6371facc0c4e657602bd8955', 'createTime': '2023-07-18', 'updateTime': '2023-07-18', 'children': None}]",637dde4778d2a708fc7ba545@64b5f012980c963216b5981a,,637dde4778d2a708fc7ba545@64b5f007980c963216b59815,64b5edf8980c963216b5976b
"[{'id': '64b5edf8980c963216b59767', 'nodeName': '生物分类虚拟树', 'virtualTreeType': '自建', 'type': 'BODY', 'snType': 0, 'siteId': '637dde4778d2a708fc7ba545', 'lastTreeId': None, 'remark': None, 'createBy': '6371facc0c4e657602bd8955', 'updateBy': '6371facc0c4e657602bd8955', 'createTime': '2023-07-18', 'updateTime': '2023-07-18', 'children': None}]",637dde4778d2a708fc7ba545@64b5f01d980c963216b5981f,,637dde4778d2a708fc7ba545@64b5f012980c963216b5981a,64b5edf8980c963216b5976c
"[{'id': '64b5edf8980c963216b59767', 'nodeName': '生物分类虚拟树', 'virtualTreeType': '自建', 'type': 'BODY', 'snType': 0, 'siteId': '637dde4778d2a708fc7ba545', 'lastTreeId': None, 'remark': None, 'createBy': '6371facc0c4e657602bd8955', 'updateBy': '6371facc0c4e657602bd8955', 'createTime': '2023-07-18', 'updateTime': '2023-07-18', 'children': None}]",637dde4778d2a708fc7ba545@64b5f05b980c963216b59824,,637dde4778d2a708fc7ba545@64b5f0dd980c963216b59857,64b5edf8980c963216b5976e
"[{'id': '64b5edf8980c963216b59767', 'nodeName': '生物分类虚拟树', 'virtualTreeType': '自建', 'type': 'BODY', 'snType': 0, 'siteId': '637dde4778d2a708fc7ba545', 'lastTreeId': None, 'remark': None, 'createBy': '6371facc0c4e657602bd8955', 'updateBy': '6371facc0c4e657602bd8955', 'createTime': '2023-07-18', 'updateTime': '2023-07-18', 'children': None}]",637dde4778d2a708fc7ba545@64b5f0dd980c963216b59857,,637dde4778d2a708fc7ba545@64b5f01d980c963216b5981f,64b5edf8980c963216b5976d
"[{'id': '64b5edf8980c963216b59767', 'nodeName': '生物分类虚拟树', 'virtualTreeType': '自建', 'type': 'BODY', 'snType': 0, 'siteId': '637dde4778d2a708fc7ba545', 'lastTreeId': None, 'remark': None, 'createBy': '6371facc0c4e657602bd8955', 'updateBy': '6371facc0c4e657602bd8955', 'createTime': '2023-07-18', 'updateTime': '2023-07-18', 'children': None}]",637dde4778d2a708fc7ba545@64b5f0f8980c963216b59864,,637dde4778d2a708fc7ba545@64b5f007980c963216b59815,64b5edf8980c963216b5976b
"[{'id': '64b5edf8980c963216b59767', 'nodeName': '生物分类虚拟树', 'virtualTreeType': '自建', 'type': 'BODY', 'snType': 0, 'siteId': '637dde4778d2a708fc7ba545', 'lastTreeId': None, 'remark': None, 'createBy': '6371facc0c4e657602bd8955', 'updateBy': '6371facc0c4e657602bd8955', 'createTime': '2023-07-18', 'updateTime': '2023-07-18', 'children': None}]",637dde4778d2a708fc7ba545@64b5f103980c963216b59870,,637dde4778d2a708fc7ba545@64b5f0f8980c963216b59864,64b5edf8980c963216b5976c
"[{'id': '64b5edf8980c963216b59767', 'nodeName': '生物分类虚拟树', 'virtualTreeType': '自建', 'type': 'BODY', 'snType': 0, 'siteId': '637dde4778d2a708fc7ba545', 'lastTreeId': None, 'remark': None, 'createBy': '6371facc0c4e657602bd8955', 'updateBy': '6371facc0c4e657602bd8955', 'createTime': '2023-07-18', 'updateTime': '2023-07-18', 'children': None}]",637dde4778d2a708fc7ba545@64b5f10e980c963216b59879,,637dde4778d2a708fc7ba545@64b5f103980c963216b59870,64b5edf8980c963216b5976d
"[{'id': '64b5edf8980c963216b59767', 'nodeName': '生物分类虚拟树', 'virtualTreeType': '自建', 'type': 'BODY', 'snType': 0, 'siteId': '637dde4778d2a708fc7ba545', 'lastTreeId': None, 'remark': None, 'createBy': '6371facc0c4e657602bd8955', 'updateBy': '6371facc0c4e657602bd8955', 'createTime': '2023-07-18', 'updateTime': '2023-07-18', 'children': None}]",637dde4778d2a708fc7ba545@64b5f11d980c963216b59880,,637dde4778d2a708fc7ba545@64b5f10e980c963216b59879,64b5edf8980c963216b5976e
"[{'id': '64b5edf8980c963216b59767', 'nodeName': '生物分类虚拟树', 'virtualTreeType': '自建', 'type': 'BODY', 'snType': 0, 'siteId': '637dde4778d2a708fc7ba545', 'lastTreeId': None, 'remark': None, 'createBy': '6371facc0c4e657602bd8955', 'updateBy': '6371facc0c4e657602bd8955', 'createTime': '2023-07-18', 'updateTime': '2023-07-18', 'children': None}]",637dde4778d2a708fc7ba545@64b5f141980c963216b5988e,,637dde4778d2a708fc7ba545@64b5f007980c963216b59815,64b5edf8980c963216b5976b
"[{'id': '64b5edf8980c963216b59767', 'nodeName': '生物分类虚拟树', 'virtualTreeType': '自建', 'type': 'BODY', 'snType': 0, 'siteId': '637dde4778d2a708fc7ba545', 'lastTreeId': None, 'remark': None, 'createBy': '6371facc0c4e657602bd8955', 'updateBy': '6371facc0c4e657602bd8955', 'createTime': '2023-07-18', 'updateTime': '2023-07-18', 'children': None}]",637dde4778d2a708fc7ba545@64b5f14d980c963216b59895,,637dde4778d2a708fc7ba545@64b5f141980c963216b5988e,64b5edf8980c963216b5976c
"[{'id': '64b5edf8980c963216b59767', 'nodeName': '生物分类虚拟树', 'virtualTreeType': '自建', 'type': 'BODY', 'snType': 0, 'siteId': '637dde4778d2a708fc7ba545', 'lastTreeId': None, 'remark': None, 'createBy': '6371facc0c4e657602bd8955', 'updateBy': '6371facc0c4e657602bd8955', 'createTime': '2023-07-18', 'updateTime': '2023-07-18', 'children': None}]",637dde4778d2a708fc7ba545@64b5f158980c963216b598a4,,637dde4778d2a708fc7ba545@64b5f14d980c963216b59895,64b5edf8980c963216b5976d
"[{'id': '64b5edf8980c963216b59767', 'nodeName': '生物分类虚拟树', 'virtualTreeType': '自建', 'type': 'BODY', 'snType': 0, 'siteId': '637dde4778d2a708fc7ba545', 'lastTreeId': None, 'remark': None, 'createBy': '6371facc0c4e657602bd8955', 'updateBy': '6371facc0c4e657602bd8955', 'createTime': '2023-07-18', 'updateTime': '2023-07-18', 'children': None}]",637dde4778d2a708fc7ba545@64b5f174980c963216b598af,,637dde4778d2a708fc7ba545@64b5f158980c963216b598a4,64b5edf8980c963216b5976e
"[{'id': '64b5edf8980c963216b59767', 'nodeName': '生物分类虚拟树', 'virtualTreeType': '自建', 'type': 'BODY', 'snType': 0, 'siteId': '637dde4778d2a708fc7ba545', 'lastTreeId': None, 'remark': None, 'createBy': '6371facc0c4e657602bd8955', 'updateBy': '6371facc0c4e657602bd8955', 'createTime': '2023-07-18', 'updateTime': '2023-07-18', 'children': None}]",637dde4778d2a708fc7ba545@64b5f174980c963216b598b0,,637dde4778d2a708fc7ba545@64b5f158980c963216b598a4,64b5edf8980c963216b5976e
"[{'id': '64b5edf8980c963216b59767', 'nodeName': '生物分类虚拟树', 'virtualTreeType': '自建', 'type': 'BODY', 'snType': 0, 'siteId': '637dde4778d2a708fc7ba545', 'lastTreeId': None, 'remark': None, 'createBy': '6371facc0c4e657602bd8955', 'updateBy': '6371facc0c4e657602bd8955', 'createTime': '2023-07-18', 'updateTime': '2023-07-18', 'children': None}]",637dde4778d2a708fc7ba545@64b5f8a9980c963216b59d53,,637dde4778d2a708fc7ba545@64b5ee70980c963216b5978b,64b5edf8980c963216b59769
"[{'id': '64b5edf8980c963216b59767', 'nodeName': '生物分类虚拟树', 'virtualTreeType': '自建', 'type': 'BODY', 'snType': 0, 'siteId': '637dde4778d2a708fc7ba545', 'lastTreeId': None, 'remark': None, 'createBy': '6371facc0c4e657602bd8955', 'updateBy': '6371facc0c4e657602bd8955', 'createTime': '2023-07-18', 'updateTime': '2023-07-18', 'children': None}]",637dde4778d2a708fc7ba545@64b5f8b5980c963216b59d61,,637dde4778d2a708fc7ba545@64b5f8a9980c963216b59d53,64b5edf8980c963216b5976a
"[{'id': '64b5edf8980c963216b59767', 'nodeName': '生物分类虚拟树', 'virtualTreeType': '自建', 'type': 'BODY', 'snType': 0, 'siteId': '637dde4778d2a708fc7ba545', 'lastTreeId': None, 'remark': None, 'createBy': '6371facc0c4e657602bd8955', 'updateBy': '6371facc0c4e657602bd8955', 'createTime': '2023-07-18', 'updateTime': '2023-07-18', 'children': None}]",637dde4778d2a708fc7ba545@64b5f8c0980c963216b59d68,,637dde4778d2a708fc7ba545@64b5f8b5980c963216b59d61,64b5edf8980c963216b5976b
"[{'id': '64b5edf8980c963216b59767', 'nodeName': '生物分类虚拟树', 'virtualTreeType': '自建', 'type': 'BODY', 'snType': 0, 'siteId': '637dde4778d2a708fc7ba545', 'lastTreeId': None, 'remark': None, 'createBy': '6371facc0c4e657602bd8955', 'updateBy': '6371facc0c4e657602bd8955', 'createTime': '2023-07-18', 'updateTime': '2023-07-18', 'children': None}]",637dde4778d2a708fc7ba545@64b5f8cc980c963216b59d6d,,637dde4778d2a708fc7ba545@64b5f8c0980c963216b59d68,64b5edf8980c963216b5976c
"[{'id': '64b5edf8980c963216b59767', 'nodeName': '生物分类虚拟树', 'virtualTreeType': '自建', 'type': 'BODY', 'snType': 0, 'siteId': '637dde4778d2a708fc7ba545', 'lastTreeId': None, 'remark': None, 'createBy': '6371facc0c4e657602bd8955', 'updateBy': '6371facc0c4e657602bd8955', 'createTime': '2023-07-18', 'updateTime': '2023-07-18', 'children': None}]",637dde4778d2a708fc7ba545@64b5f8e1980c963216b59d7e,,637dde4778d2a708fc7ba545@64b5f8cc980c963216b59d6d,64b5edf8980c963216b5976d
"[{'id': '64b5edf8980c963216b59767', 'nodeName': '生物分类虚拟树', 'virtualTreeType': '自建', 'type': 'BODY', 'snType': 0, 'siteId': '637dde4778d2a708fc7ba545', 'lastTreeId': None, 'remark': None, 'createBy': '6371facc0c4e657602bd8955', 'updateBy': '6371facc0c4e657602bd8955', 'createTime': '2023-07-18', 'updateTime': '2023-07-18', 'children': None}]",637dde4778d2a708fc7ba545@64b5f8ef980c963216b59d85,,637dde4778d2a708fc7ba545@64b5f8e1980c963216b59d7e,64b5edf8980c963216b5976e
"[{'id': '64b5edf8980c963216b59767', 'nodeName': '生物分类虚拟树', 'virtualTreeType': '自建', 'type': 'BODY', 'snType': 0, 'siteId': '637dde4778d2a708fc7ba545', 'lastTreeId': None, 'remark': None, 'createBy': '6371facc0c4e657602bd8955', 'updateBy': '6371facc0c4e657602bd8955', 'createTime': '2023-07-18', 'updateTime': '2023-07-18', 'children': None}]",637dde4778d2a708fc7ba545@64b5f951980c963216b59dcc,,637dde4778d2a708fc7ba545@64b5ee70980c963216b5978a,64b5edf8980c963216b59769
"[{'id': '64b5edf8980c963216b59767', 'nodeName': '生物分类虚拟树', 'virtualTreeType': '自建', 'type': 'BODY', 'snType': 0, 'siteId': '637dde4778d2a708fc7ba545', 'lastTreeId': None, 'remark': None, 'createBy': '6371facc0c4e657602bd8955', 'updateBy': '6371facc0c4e657602bd8955', 'createTime': '2023-07-18', 'updateTime': '2023-07-18', 'children': None}]",637dde4778d2a708fc7ba545@64b5f961980c963216b59dd3,,637dde4778d2a708fc7ba545@64b5f951980c963216b59dcc,64b5edf8980c963216b5976a
"[{'id': '64b5edf8980c963216b59767', 'nodeName': '生物分类虚拟树', 'virtualTreeType': '自建', 'type': 'BODY', 'snType': 0, 'siteId': '637dde4778d2a708fc7ba545', 'lastTreeId': None, 'remark': None, 'createBy': '6371facc0c4e657602bd8955', 'updateBy': '6371facc0c4e657602bd8955', 'createTime': '2023-07-18', 'updateTime': '2023-07-18', 'children': None}]",637dde4778d2a708fc7ba545@64b5f96a980c963216b59dd8,,637dde4778d2a708fc7ba545@64b5f961980c963216b59dd3,64b5edf8980c963216b5976b
"[{'id': '64b5edf8980c963216b59767', 'nodeName': '生物分类虚拟树', 'virtualTreeType': '自建', 'type': 'BODY', 'snType': 0, 'siteId': '637dde4778d2a708fc7ba545', 'lastTreeId': None, 'remark': None, 'createBy': '6371facc0c4e657602bd8955', 'updateBy': '6371facc0c4e657602bd8955', 'createTime': '2023-07-18', 'updateTime': '2023-07-18', 'children': None}]",637dde4778d2a708fc7ba545@64b5f972980c963216b59ddd,,637dde4778d2a708fc7ba545@64b5f96a980c963216b59dd8,64b5edf8980c963216b5976c
"[{'id': '64b5edf8980c963216b59767', 'nodeName': '生物分类虚拟树', 'virtualTreeType': '自建', 'type': 'BODY', 'snType': 0, 'siteId': '637dde4778d2a708fc7ba545', 'lastTreeId': None, 'remark': None, 'createBy': '6371facc0c4e657602bd8955', 'updateBy': '6371facc0c4e657602bd8955', 'createTime': '2023-07-18', 'updateTime': '2023-07-18', 'children': None}]",637dde4778d2a708fc7ba545@64b5f97a980c963216b59de2,,637dde4778d2a708fc7ba545@64b5f972980c963216b59ddd,64b5edf8980c963216b5976d
"[{'id': '64b5edf8980c963216b59767', 'nodeName': '生物分类虚拟树', 'virtualTreeType': '自建', 'type': 'BODY', 'snType': 0, 'siteId': '637dde4778d2a708fc7ba545', 'lastTreeId': None, 'remark': None, 'createBy': '6371facc0c4e657602bd8955', 'updateBy': '6371facc0c4e657602bd8955', 'createTime': '2023-07-18', 'updateTime': '2023-07-18', 'children': None}]",637dde4778d2a708fc7ba545@64b5f986980c963216b59de9,,637dde4778d2a708fc7ba545@64b5f97a980c963216b59de2,64b5edf8980c963216b5976e
"[{'id': '64b5edf8980c963216b59767', 'nodeName': '生物分类虚拟树', 'virtualTreeType': '自建', 'type': 'BODY', 'snType': 0, 'siteId': '637dde4778d2a708fc7ba545', 'lastTreeId': None, 'remark': None, 'createBy': '6371facc0c4e657602bd8955', 'updateBy': '6371facc0c4e657602bd8955', 'createTime': '2023-07-18', 'updateTime': '2023-07-18', 'children': None}]",637dde4778d2a708fc7ba545@64b5f9bf980c963216b59df0,,637dde4778d2a708fc7ba545@64b5ee70980c963216b59787,64b5edf8980c963216b59769
"[{'id': '64b5edf8980c963216b59767', 'nodeName': '生物分类虚拟树', 'virtualTreeType': '自建', 'type': 'BODY', 'snType': 0, 'siteId': '637dde4778d2a708fc7ba545', 'lastTreeId': None, 'remark': None, 'createBy': '6371facc0c4e657602bd8955', 'updateBy': '6371facc0c4e657602bd8955', 'createTime': '2023-07-18', 'updateTime': '2023-07-18', 'children': None}]",637dde4778d2a708fc7ba545@64b5f9bf980c963216b59df1,,637dde4778d2a708fc7ba545@64b5ee70980c963216b59787,64b5edf8980c963216b59769
"[{'id': '64b5edf8980c963216b59767', 'nodeName': '生物分类虚拟树', 'virtualTreeType': '自建', 'type': 'BODY', 'snType': 0, 'siteId': '637dde4778d2a708fc7ba545', 'lastTreeId': None, 'remark': None, 'createBy': '6371facc0c4e657602bd8955', 'updateBy': '6371facc0c4e657602bd8955', 'createTime': '2023-07-18', 'updateTime': '2023-07-18', 'children': None}]",637dde4778d2a708fc7ba545@64b5f9cc980c963216b59df7,,637dde4778d2a708fc7ba545@64b5f9bf980c963216b59df0,64b5edf8980c963216b5976a
"[{'id': '64b5edf8980c963216b59767', 'nodeName': '生物分类虚拟树', 'virtualTreeType': '自建', 'type': 'BODY', 'snType': 0, 'siteId': '637dde4778d2a708fc7ba545', 'lastTreeId': None, 'remark': None, 'createBy': '6371facc0c4e657602bd8955', 'updateBy': '6371facc0c4e657602bd8955', 'createTime': '2023-07-18', 'updateTime': '2023-07-18', 'children': None}]",637dde4778d2a708fc7ba545@64b5f9d4980c963216b59dfc,,637dde4778d2a708fc7ba545@64b5f9cc980c963216b59df7,64b5edf8980c963216b5976b
"[{'id': '64b5edf8980c963216b59767', 'nodeName': '生物分类虚拟树', 'virtualTreeType': '自建', 'type': 'BODY', 'snType': 0, 'siteId': '637dde4778d2a708fc7ba545', 'lastTreeId': None, 'remark': None, 'createBy': '6371facc0c4e657602bd8955', 'updateBy': '6371facc0c4e657602bd8955', 'createTime': '2023-07-18', 'updateTime': '2023-07-18', 'children': None}]",637dde4778d2a708fc7ba545@64b5f9dc980c963216b59e01,,637dde4778d2a708fc7ba545@64b5f9d4980c963216b59dfc,64b5edf8980c963216b5976c
"[{'id': '64b5edf8980c963216b59767', 'nodeName': '生物分类虚拟树', 'virtualTreeType': '自建', 'type': 'BODY', 'snType': 0, 'siteId': '637dde4778d2a708fc7ba545', 'lastTreeId': None, 'remark': None, 'createBy': '6371facc0c4e657602bd8955', 'updateBy': '6371facc0c4e657602bd8955', 'createTime': '2023-07-18', 'updateTime': '2023-07-18', 'children': None}]",637dde4778d2a708fc7ba545@64b5f9f8980c963216b59e20,,637dde4778d2a708fc7ba545@64b5f9dc980c963216b59e01,64b5edf8980c963216b5976d
"[{'id': '64b5edf8980c963216b59767', 'nodeName': '生物分类虚拟树', 'virtualTreeType': '自建', 'type': 'BODY', 'snType': 0, 'siteId': '637dde4778d2a708fc7ba545', 'lastTreeId': None, 'remark': None, 'createBy': '6371facc0c4e657602bd8955', 'updateBy': '6371facc0c4e657602bd8955', 'createTime': '2023-07-18', 'updateTime': '2023-07-18', 'children': None}]",637dde4778d2a708fc7ba545@64b5fa02980c963216b59e25,,637dde4778d2a708fc7ba545@64b5f9f8980c963216b59e20,64b5edf8980c963216b5976e
"[{'id': '64b5edf8980c963216b59767', 'nodeName': '生物分类虚拟树', 'virtualTreeType': '自建', 'type': 'BODY', 'snType': 0, 'siteId': '637dde4778d2a708fc7ba545', 'lastTreeId': None, 'remark': None, 'createBy': '6371facc0c4e657602bd8955', 'updateBy': '6371facc0c4e657602bd8955', 'createTime': '2023-07-18', 'updateTime': '2023-07-18', 'children': None}]",637dde4778d2a708fc7ba545@64b5fa02980c963216b59e26,,637dde4778d2a708fc7ba545@64b5f9f8980c963216b59e20,64b5edf8980c963216b5976e
"[{'id': '64b5edf8980c963216b59767', 'nodeName': '生物分类虚拟树', 'virtualTreeType': '自建', 'type': 'BODY', 'snType': 0, 'siteId': '637dde4778d2a708fc7ba545', 'lastTreeId': None, 'remark': None, 'createBy': '6371facc0c4e657602bd8955', 'updateBy': '6371facc0c4e657602bd8955', 'createTime': '2023-07-18', 'updateTime': '2023-07-18', 'children': None}]",637dde4778d2a708fc7ba545@64b5fa24980c963216b59e2c,,637dde4778d2a708fc7ba545@64b5f9bf980c963216b59df1,64b5edf8980c963216b5976a
"[{'id': '64b5edf8980c963216b59767', 'nodeName': '生物分类虚拟树', 'virtualTreeType': '自建', 'type': 'BODY', 'snType': 0, 'siteId': '637dde4778d2a708fc7ba545', 'lastTreeId': None, 'remark': None, 'createBy': '6371facc0c4e657602bd8955', 'updateBy': '6371facc0c4e657602bd8955', 'createTime': '2023-07-18', 'updateTime': '2023-07-18', 'children': None}]",637dde4778d2a708fc7ba545@64b5fa2d980c963216b59e47,,637dde4778d2a708fc7ba545@64b5fa24980c963216b59e2c,64b5edf8980c963216b5976b
"[{'id': '64b5edf8980c963216b59767', 'nodeName': '生物分类虚拟树', 'virtualTreeType': '自建', 'type': 'BODY', 'snType': 0, 'siteId': '637dde4778d2a708fc7ba545', 'lastTreeId': None, 'remark': None, 'createBy': '6371facc0c4e657602bd8955', 'updateBy': '6371facc0c4e657602bd8955', 'createTime': '2023-07-18', 'updateTime': '2023-07-18', 'children': None}]",637dde4778d2a708fc7ba545@64b5fa36980c963216b59e50,,637dde4778d2a708fc7ba545@64b5fa2d980c963216b59e47,64b5edf8980c963216b5976c
"[{'id': '64b5edf8980c963216b59767', 'nodeName': '生物分类虚拟树', 'virtualTreeType': '自建', 'type': 'BODY', 'snType': 0, 'siteId': '637dde4778d2a708fc7ba545', 'lastTreeId': None, 'remark': None, 'createBy': '6371facc0c4e657602bd8955', 'updateBy': '6371facc0c4e657602bd8955', 'createTime': '2023-07-18', 'updateTime': '2023-07-18', 'children': None}]",637dde4778d2a708fc7ba545@64b5fa48980c963216b59e57,,637dde4778d2a708fc7ba545@64b5fa36980c963216b59e50,64b5edf8980c963216b5976d
"[{'id': '64b5edf8980c963216b59767', 'nodeName': '生物分类虚拟树', 'virtualTreeType': '自建', 'type': 'BODY', 'snType': 0, 'siteId': '637dde4778d2a708fc7ba545', 'lastTreeId': None, 'remark': None, 'createBy': '6371facc0c4e657602bd8955', 'updateBy': '6371facc0c4e657602bd8955', 'createTime': '2023-07-18', 'updateTime': '2023-07-18', 'children': None}]",637dde4778d2a708fc7ba545@64b5fa5e980c963216b59e60,,637dde4778d2a708fc7ba545@64b5fa48980c963216b59e57,64b5edf8980c963216b5976e
"[{'id': '64b5edf8980c963216b59767', 'nodeName': '生物分类虚拟树', 'virtualTreeType': '自建', 'type': 'BODY', 'snType': 0, 'siteId': '637dde4778d2a708fc7ba545', 'lastTreeId': None, 'remark': None, 'createBy': '6371facc0c4e657602bd8955', 'updateBy': '6371facc0c4e657602bd8955', 'createTime': '2023-07-18', 'updateTime': '2023-07-18', 'children': None}]",637dde4778d2a708fc7ba545@64b5fa88980c963216b59e71,,637dde4778d2a708fc7ba545@64b5ee70980c963216b59789,64b5edf8980c963216b59769
"[{'id': '64b5edf8980c963216b59767', 'nodeName': '生物分类虚拟树', 'virtualTreeType': '自建', 'type': 'BODY', 'snType': 0, 'siteId': '637dde4778d2a708fc7ba545', 'lastTreeId': None, 'remark': None, 'createBy': '6371facc0c4e657602bd8955', 'updateBy': '6371facc0c4e657602bd8955', 'createTime': '2023-07-18', 'updateTime': '2023-07-18', 'children': None}]",637dde4778d2a708fc7ba545@64b5fa90980c963216b59e78,,637dde4778d2a708fc7ba545@64b5fa88980c963216b59e71,64b5edf8980c963216b5976a
"[{'id': '64b5edf8980c963216b59767', 'nodeName': '生物分类虚拟树', 'virtualTreeType': '自建', 'type': 'BODY', 'snType': 0, 'siteId': '637dde4778d2a708fc7ba545', 'lastTreeId': None, 'remark': None, 'createBy': '6371facc0c4e657602bd8955', 'updateBy': '6371facc0c4e657602bd8955', 'createTime': '2023-07-18', 'updateTime': '2023-07-18', 'children': None}]",637dde4778d2a708fc7ba545@64b5fa98980c963216b59e7d,,637dde4778d2a708fc7ba545@64b5fa90980c963216b59e78,64b5edf8980c963216b5976b
"[{'id': '64b5edf8980c963216b59767', 'nodeName': '生物分类虚拟树', 'virtualTreeType': '自建', 'type': 'BODY', 'snType': 0, 'siteId': '637dde4778d2a708fc7ba545', 'lastTreeId': None, 'remark': None, 'createBy': '6371facc0c4e657602bd8955', 'updateBy': '6371facc0c4e657602bd8955', 'createTime': '2023-07-18', 'updateTime': '2023-07-18', 'children': None}]",637dde4778d2a708fc7ba545@64b5faa2980c963216b59e8e,,637dde4778d2a708fc7ba545@64b5fa98980c963216b59e7d,64b5edf8980c963216b5976c
"[{'id': '64b5edf8980c963216b59767', 'nodeName': '生物分类虚拟树', 'virtualTreeType': '自建', 'type': 'BODY', 'snType': 0, 'siteId': '637dde4778d2a708fc7ba545', 'lastTreeId': None, 'remark': None, 'createBy': '6371facc0c4e657602bd8955', 'updateBy': '6371facc0c4e657602bd8955', 'createTime': '2023-07-18', 'updateTime': '2023-07-18', 'children': None}]",637dde4778d2a708fc7ba545@64b5faad980c963216b59ea3,,637dde4778d2a708fc7ba545@64b5faa2980c963216b59e8e,64b5edf8980c963216b5976d
"[{'id': '64b5edf8980c963216b59767', 'nodeName': '生物分类虚拟树', 'virtualTreeType': '自建', 'type': 'BODY', 'snType': 0, 'siteId': '637dde4778d2a708fc7ba545', 'lastTreeId': None, 'remark': None, 'createBy': '6371facc0c4e657602bd8955', 'updateBy': '6371facc0c4e657602bd8955', 'createTime': '2023-07-18', 'updateTime': '2023-07-18', 'children': None}]",637dde4778d2a708fc7ba545@64b5fab7980c963216b59eb4,,637dde4778d2a708fc7ba545@64b5faad980c963216b59ea3,64b5edf8980c963216b5976e
"[{'id': '64b5edf8980c963216b59767', 'nodeName': '生物分类虚拟树', 'virtualTreeType': '自建', 'type': 'BODY', 'snType': 0, 'siteId': '637dde4778d2a708fc7ba545', 'lastTreeId': None, 'remark': None, 'createBy': '6371facc0c4e657602bd8955', 'updateBy': '6371facc0c4e657602bd8955', 'createTime': '2023-07-18', 'updateTime': '2023-07-18', 'children': None}]",637dde4778d2a708fc7ba545@64b5faff980c963216b59ef3,,637dde4778d2a708fc7ba545@64b5ee70980c963216b59789,64b5edf8980c963216b59769
"[{'id': '64b5edf8980c963216b59767', 'nodeName': '生物分类虚拟树', 'virtualTreeType': '自建', 'type': 'BODY', 'snType': 0, 'siteId': '637dde4778d2a708fc7ba545', 'lastTreeId': None, 'remark': None, 'createBy': '6371facc0c4e657602bd8955', 'updateBy': '6371facc0c4e657602bd8955', 'createTime': '2023-07-18', 'updateTime': '2023-07-18', 'children': None}]",637dde4778d2a708fc7ba545@64b5fb27980c963216b59f00,,637dde4778d2a708fc7ba545@64b5faff980c963216b59ef3,64b5edf8980c963216b5976a
"[{'id': '64b5edf8980c963216b59767', 'nodeName': '生物分类虚拟树', 'virtualTreeType': '自建', 'type': 'BODY', 'snType': 0, 'siteId': '637dde4778d2a708fc7ba545', 'lastTreeId': None, 'remark': None, 'createBy': '6371facc0c4e657602bd8955', 'updateBy': '6371facc0c4e657602bd8955', 'createTime': '2023-07-18', 'updateTime': '2023-07-18', 'children': None}]",637dde4778d2a708fc7ba545@64b5fb3c980c963216b59f15,,637dde4778d2a708fc7ba545@64b5fb7a980c963216b59f47,64b5edf8980c963216b5976c
"[{'id': '64b5edf8980c963216b59767', 'nodeName': '生物分类虚拟树', 'virtualTreeType': '自建', 'type': 'BODY', 'snType': 0, 'siteId': '637dde4778d2a708fc7ba545', 'lastTreeId': None, 'remark': None, 'createBy': '6371facc0c4e657602bd8955', 'updateBy': '6371facc0c4e657602bd8955', 'createTime': '2023-07-18', 'updateTime': '2023-07-18', 'children': None}]",637dde4778d2a708fc7ba545@64b5fb45980c963216b59f1a,,637dde4778d2a708fc7ba545@64b5fb3c980c963216b59f15,64b5edf8980c963216b5976d
"[{'id': '64b5edf8980c963216b59767', 'nodeName': '生物分类虚拟树', 'virtualTreeType': '自建', 'type': 'BODY', 'snType': 0, 'siteId': '637dde4778d2a708fc7ba545', 'lastTreeId': None, 'remark': None, 'createBy': '6371facc0c4e657602bd8955', 'updateBy': '6371facc0c4e657602bd8955', 'createTime': '2023-07-18', 'updateTime': '2023-07-18', 'children': None}]",637dde4778d2a708fc7ba545@64b5fb51980c963216b59f29,,637dde4778d2a708fc7ba545@64b5fb45980c963216b59f1a,64b5edf8980c963216b5976e
"[{'id': '64b5edf8980c963216b59767', 'nodeName': '生物分类虚拟树', 'virtualTreeType': '自建', 'type': 'BODY', 'snType': 0, 'siteId': '637dde4778d2a708fc7ba545', 'lastTreeId': None, 'remark': None, 'createBy': '6371facc0c4e657602bd8955', 'updateBy': '6371facc0c4e657602bd8955', 'createTime': '2023-07-18', 'updateTime': '2023-07-18', 'children': None}]",637dde4778d2a708fc7ba545@64b5fb7a980c963216b59f47,,637dde4778d2a708fc7ba545@64b5fb27980c963216b59f00,64b5edf8980c963216b5976b
"[{'id': '64c0de62bd50fe7b38f1d305', 'nodeName': '0726', 'virtualTreeType': '自建', 'type': 'BODY', 'snType': 0, 'siteId': '637dde4778d2a708fc7ba545', 'lastTreeId': None, 'remark': None, 'createBy': '6375a4469c933875f35e3843', 'updateBy': '6375a4469c933875f35e3843', 'createTime': '2023-07-26', 'updateTime': '2023-07-26', 'children': None}]",637dde4778d2a708fc7ba545@64c0e4eca24fef1d47623902,,,64c0de62bd50fe7b38f1d306
"[{'id': '64c0de62bd50fe7b38f1d305', 'nodeName': '0726', 'virtualTreeType': '自建', 'type': 'BODY', 'snType': 0, 'siteId': '637dde4778d2a708fc7ba545', 'lastTreeId': None, 'remark': None, 'createBy': '6375a4469c933875f35e3843', 'updateBy': '6375a4469c933875f35e3843', 'createTime': '2023-07-26', 'updateTime': '2023-07-26', 'children': None}]",637dde4778d2a708fc7ba545@64c0e56fa24fef1d47623905,,637dde4778d2a708fc7ba545@64c0e4eca24fef1d47623902,64c0de62bd50fe7b38f1d307
,637dde4778d2a708fc7ba545@64c0e56fa24fef1d47623908,,637dde4778d2a708fc7ba545@64c1c2df6632835e53b6b2d6,64c0deaabd50fe7b38f1d32d
"[{'id': '64c0de62bd50fe7b38f1d305', 'nodeName': '0726', 'virtualTreeType': '自建', 'type': 'BODY', 'snType': 0, 'siteId': '637dde4778d2a708fc7ba545', 'lastTreeId': None, 'remark': None, 'createBy': '6375a4469c933875f35e3843', 'updateBy': '6375a4469c933875f35e3843', 'createTime': '2023-07-26', 'updateTime': '2023-07-26', 'children': None}]",637dde4778d2a708fc7ba545@64c1c2df6632835e53b6b2d4,,,64c0de62bd50fe7b38f1d306
"[{'id': '64c0de62bd50fe7b38f1d305', 'nodeName': '0726', 'virtualTreeType': '自建', 'type': 'BODY', 'snType': 0, 'siteId': '637dde4778d2a708fc7ba545', 'lastTreeId': None, 'remark': None, 'createBy': '6375a4469c933875f35e3843', 'updateBy': '6375a4469c933875f35e3843', 'createTime': '2023-07-26', 'updateTime': '2023-07-26', 'children': None}]",637dde4778d2a708fc7ba545@64c1c2df6632835e53b6b2d6,,637dde4778d2a708fc7ba545@64c1c2df6632835e53b6b2d4,64c0de62bd50fe7b38f1d307
