id,node_name,label,sn_type,type,last_site_nodeId,label_collections,virtualTreeList,structureList
64b5ee70980c963216b59786,动物界,INSTANCE,0,自建,,[],"[{'id': '64b5edf8980c963216b59767', 'nodeName': '生物分类虚拟树', 'virtualTreeType': '自建', 'type': 'BODY', 'snType': 0, 'siteId': '637dde4778d2a708fc7ba545', 'lastTreeId': None, 'remark': None, 'createBy': '6371facc0c4e657602bd8955', 'updateBy': '6371facc0c4e657602bd8955', 'createTime': '2023-07-18', 'updateTime': '2023-07-18', 'children': None}]",
64b5ee70980c963216b59787,植物界,INSTANCE,0,自建,,[],"[{'id': '64b5edf8980c963216b59767', 'nodeName': '生物分类虚拟树', 'virtualTreeType': '自建', 'type': 'BODY', 'snType': 0, 'siteId': '637dde4778d2a708fc7ba545', 'lastTreeId': None, 'remark': None, 'createBy': '6371facc0c4e657602bd8955', 'updateBy': '6371facc0c4e657602bd8955', 'createTime': '2023-07-18', 'updateTime': '2023-07-18', 'children': None}]",
64b5ee70980c963216b59789,菌物界,INSTANCE,0,自建,,[],"[{'id': '64b5edf8980c963216b59767', 'nodeName': '生物分类虚拟树', 'virtualTreeType': '自建', 'type': 'BODY', 'snType': 0, 'siteId': '637dde4778d2a708fc7ba545', 'lastTreeId': None, 'remark': None, 'createBy': '6371facc0c4e657602bd8955', 'updateBy': '6371facc0c4e657602bd8955', 'createTime': '2023-07-18', 'updateTime': '2023-07-18', 'children': None}]",
64b5ee70980c963216b5978a,原核生物界,INSTANCE,0,自建,,[],"[{'id': '64b5edf8980c963216b59767', 'nodeName': '生物分类虚拟树', 'virtualTreeType': '自建', 'type': 'BODY', 'snType': 0, 'siteId': '637dde4778d2a708fc7ba545', 'lastTreeId': None, 'remark': None, 'createBy': '6371facc0c4e657602bd8955', 'updateBy': '6371facc0c4e657602bd8955', 'createTime': '2023-07-18', 'updateTime': '2023-07-18', 'children': None}]",
64b5ee70980c963216b5978b,原生生物界,INSTANCE,0,自建,,[],"[{'id': '64b5edf8980c963216b59767', 'nodeName': '生物分类虚拟树', 'virtualTreeType': '自建', 'type': 'BODY', 'snType': 0, 'siteId': '637dde4778d2a708fc7ba545', 'lastTreeId': None, 'remark': None, 'createBy': '6371facc0c4e657602bd8955', 'updateBy': '6371facc0c4e657602bd8955', 'createTime': '2023-07-18', 'updateTime': '2023-07-18', 'children': None}]",
64b5ef81980c963216b597e3,节肢动物门,INSTANCE,0,自建,,[],"[{'id': '64b5edf8980c963216b59767', 'nodeName': '生物分类虚拟树', 'virtualTreeType': '自建', 'type': 'BODY', 'snType': 0, 'siteId': '637dde4778d2a708fc7ba545', 'lastTreeId': None, 'remark': None, 'createBy': '6371facc0c4e657602bd8955', 'updateBy': '6371facc0c4e657602bd8955', 'createTime': '2023-07-18', 'updateTime': '2023-07-18', 'children': None}]",
64b5ef81980c963216b597e4,脊索动物门,INSTANCE,0,自建,,[],"[{'id': '64b5edf8980c963216b59767', 'nodeName': '生物分类虚拟树', 'virtualTreeType': '自建', 'type': 'BODY', 'snType': 0, 'siteId': '637dde4778d2a708fc7ba545', 'lastTreeId': None, 'remark': None, 'createBy': '6371facc0c4e657602bd8955', 'updateBy': '6371facc0c4e657602bd8955', 'createTime': '2023-07-18', 'updateTime': '2023-07-18', 'children': None}]",
64b5ef81980c963216b597e5,软体动物门,INSTANCE,0,自建,,[],"[{'id': '64b5edf8980c963216b59767', 'nodeName': '生物分类虚拟树', 'virtualTreeType': '自建', 'type': 'BODY', 'snType': 0, 'siteId': '637dde4778d2a708fc7ba545', 'lastTreeId': None, 'remark': None, 'createBy': '6371facc0c4e657602bd8955', 'updateBy': '6371facc0c4e657602bd8955', 'createTime': '2023-07-18', 'updateTime': '2023-07-18', 'children': None}]",
64b5ef90980c963216b597ed,硬骨鱼纲,INSTANCE,0,自建,,[],"[{'id': '64b5edf8980c963216b59767', 'nodeName': '生物分类虚拟树', 'virtualTreeType': '自建', 'type': 'BODY', 'snType': 0, 'siteId': '637dde4778d2a708fc7ba545', 'lastTreeId': None, 'remark': None, 'createBy': '6371facc0c4e657602bd8955', 'updateBy': '6371facc0c4e657602bd8955', 'createTime': '2023-07-18', 'updateTime': '2023-07-18', 'children': None}]",
64b5ef9c980c963216b597f3,鲤形目,INSTANCE,0,自建,,[],"[{'id': '64b5edf8980c963216b59767', 'nodeName': '生物分类虚拟树', 'virtualTreeType': '自建', 'type': 'BODY', 'snType': 0, 'siteId': '637dde4778d2a708fc7ba545', 'lastTreeId': None, 'remark': None, 'createBy': '6371facc0c4e657602bd8955', 'updateBy': '6371facc0c4e657602bd8955', 'createTime': '2023-07-18', 'updateTime': '2023-07-18', 'children': None}]",
64b5efa6980c963216b597f9,鲤科,INSTANCE,0,自建,,[],"[{'id': '64b5edf8980c963216b59767', 'nodeName': '生物分类虚拟树', 'virtualTreeType': '自建', 'type': 'BODY', 'snType': 0, 'siteId': '637dde4778d2a708fc7ba545', 'lastTreeId': None, 'remark': None, 'createBy': '6371facc0c4e657602bd8955', 'updateBy': '6371facc0c4e657602bd8955', 'createTime': '2023-07-18', 'updateTime': '2023-07-18', 'children': None}]",
64b5efb1980c963216b597ff,短担尼鱼属,INSTANCE,0,自建,,[],"[{'id': '64b5edf8980c963216b59767', 'nodeName': '生物分类虚拟树', 'virtualTreeType': '自建', 'type': 'BODY', 'snType': 0, 'siteId': '637dde4778d2a708fc7ba545', 'lastTreeId': None, 'remark': None, 'createBy': '6371facc0c4e657602bd8955', 'updateBy': '6371facc0c4e657602bd8955', 'createTime': '2023-07-18', 'updateTime': '2023-07-18', 'children': None}]",
64b5efbd980c963216b59805,斑马鱼,INSTANCE,0,自建,,[],"[{'id': '64b5edf8980c963216b59767', 'nodeName': '生物分类虚拟树', 'virtualTreeType': '自建', 'type': 'BODY', 'snType': 0, 'siteId': '637dde4778d2a708fc7ba545', 'lastTreeId': None, 'remark': None, 'createBy': '6371facc0c4e657602bd8955', 'updateBy': '6371facc0c4e657602bd8955', 'createTime': '2023-07-18', 'updateTime': '2023-07-18', 'children': None}]",
64b5f007980c963216b59815,哺乳纲,INSTANCE,0,自建,,[],"[{'id': '64b5edf8980c963216b59767', 'nodeName': '生物分类虚拟树', 'virtualTreeType': '自建', 'type': 'BODY', 'snType': 0, 'siteId': '637dde4778d2a708fc7ba545', 'lastTreeId': None, 'remark': None, 'createBy': '6371facc0c4e657602bd8955', 'updateBy': '6371facc0c4e657602bd8955', 'createTime': '2023-07-18', 'updateTime': '2023-07-18', 'children': None}]",
64b5f012980c963216b5981a,啮齿目,INSTANCE,0,自建,,[],"[{'id': '64b5edf8980c963216b59767', 'nodeName': '生物分类虚拟树', 'virtualTreeType': '自建', 'type': 'BODY', 'snType': 0, 'siteId': '637dde4778d2a708fc7ba545', 'lastTreeId': None, 'remark': None, 'createBy': '6371facc0c4e657602bd8955', 'updateBy': '6371facc0c4e657602bd8955', 'createTime': '2023-07-18', 'updateTime': '2023-07-18', 'children': None}]",
64b5f01d980c963216b5981f,鼠科,INSTANCE,0,自建,,[],"[{'id': '64b5edf8980c963216b59767', 'nodeName': '生物分类虚拟树', 'virtualTreeType': '自建', 'type': 'BODY', 'snType': 0, 'siteId': '637dde4778d2a708fc7ba545', 'lastTreeId': None, 'remark': None, 'createBy': '6371facc0c4e657602bd8955', 'updateBy': '6371facc0c4e657602bd8955', 'createTime': '2023-07-18', 'updateTime': '2023-07-18', 'children': None}]",
64b5f05b980c963216b59824,黑家鼠,INSTANCE,0,自建,,[],"[{'id': '64b5edf8980c963216b59767', 'nodeName': '生物分类虚拟树', 'virtualTreeType': '自建', 'type': 'BODY', 'snType': 0, 'siteId': '637dde4778d2a708fc7ba545', 'lastTreeId': None, 'remark': None, 'createBy': '6371facc0c4e657602bd8955', 'updateBy': '6371facc0c4e657602bd8955', 'createTime': '2023-07-18', 'updateTime': '2023-07-18', 'children': None}]",
64b5f0dd980c963216b59857,黑鼠属,INSTANCE,0,自建,,[],"[{'id': '64b5edf8980c963216b59767', 'nodeName': '生物分类虚拟树', 'virtualTreeType': '自建', 'type': 'BODY', 'snType': 0, 'siteId': '637dde4778d2a708fc7ba545', 'lastTreeId': None, 'remark': None, 'createBy': '6371facc0c4e657602bd8955', 'updateBy': '6371facc0c4e657602bd8955', 'createTime': '2023-07-18', 'updateTime': '2023-07-18', 'children': None}]",
64b5f0f8980c963216b59864,偶蹄目,INSTANCE,0,自建,,[],"[{'id': '64b5edf8980c963216b59767', 'nodeName': '生物分类虚拟树', 'virtualTreeType': '自建', 'type': 'BODY', 'snType': 0, 'siteId': '637dde4778d2a708fc7ba545', 'lastTreeId': None, 'remark': None, 'createBy': '6371facc0c4e657602bd8955', 'updateBy': '6371facc0c4e657602bd8955', 'createTime': '2023-07-18', 'updateTime': '2023-07-18', 'children': None}]",
64b5f103980c963216b59870,牛科,INSTANCE,0,自建,,[],"[{'id': '64b5edf8980c963216b59767', 'nodeName': '生物分类虚拟树', 'virtualTreeType': '自建', 'type': 'BODY', 'snType': 0, 'siteId': '637dde4778d2a708fc7ba545', 'lastTreeId': None, 'remark': None, 'createBy': '6371facc0c4e657602bd8955', 'updateBy': '6371facc0c4e657602bd8955', 'createTime': '2023-07-18', 'updateTime': '2023-07-18', 'children': None}]",
64b5f10e980c963216b59879,水牛属,INSTANCE,0,自建,,[],"[{'id': '64b5edf8980c963216b59767', 'nodeName': '生物分类虚拟树', 'virtualTreeType': '自建', 'type': 'BODY', 'snType': 0, 'siteId': '637dde4778d2a708fc7ba545', 'lastTreeId': None, 'remark': None, 'createBy': '6371facc0c4e657602bd8955', 'updateBy': '6371facc0c4e657602bd8955', 'createTime': '2023-07-18', 'updateTime': '2023-07-18', 'children': None}]",
64b5f11d980c963216b59880,水牛,INSTANCE,0,自建,,[],"[{'id': '64b5edf8980c963216b59767', 'nodeName': '生物分类虚拟树', 'virtualTreeType': '自建', 'type': 'BODY', 'snType': 0, 'siteId': '637dde4778d2a708fc7ba545', 'lastTreeId': None, 'remark': None, 'createBy': '6371facc0c4e657602bd8955', 'updateBy': '6371facc0c4e657602bd8955', 'createTime': '2023-07-18', 'updateTime': '2023-07-18', 'children': None}]",
64b5f141980c963216b5988e,食肉目,INSTANCE,0,自建,,[],"[{'id': '64b5edf8980c963216b59767', 'nodeName': '生物分类虚拟树', 'virtualTreeType': '自建', 'type': 'BODY', 'snType': 0, 'siteId': '637dde4778d2a708fc7ba545', 'lastTreeId': None, 'remark': None, 'createBy': '6371facc0c4e657602bd8955', 'updateBy': '6371facc0c4e657602bd8955', 'createTime': '2023-07-18', 'updateTime': '2023-07-18', 'children': None}]",
64b5f14d980c963216b59895,猫科,INSTANCE,0,自建,,[],"[{'id': '64b5edf8980c963216b59767', 'nodeName': '生物分类虚拟树', 'virtualTreeType': '自建', 'type': 'BODY', 'snType': 0, 'siteId': '637dde4778d2a708fc7ba545', 'lastTreeId': None, 'remark': None, 'createBy': '6371facc0c4e657602bd8955', 'updateBy': '6371facc0c4e657602bd8955', 'createTime': '2023-07-18', 'updateTime': '2023-07-18', 'children': None}]",
64b5f158980c963216b598a4,豹属,INSTANCE,0,自建,,[],"[{'id': '64b5edf8980c963216b59767', 'nodeName': '生物分类虚拟树', 'virtualTreeType': '自建', 'type': 'BODY', 'snType': 0, 'siteId': '637dde4778d2a708fc7ba545', 'lastTreeId': None, 'remark': None, 'createBy': '6371facc0c4e657602bd8955', 'updateBy': '6371facc0c4e657602bd8955', 'createTime': '2023-07-18', 'updateTime': '2023-07-18', 'children': None}]",
64b5f174980c963216b598af,东北虎,INSTANCE,0,自建,,[],"[{'id': '64b5edf8980c963216b59767', 'nodeName': '生物分类虚拟树', 'virtualTreeType': '自建', 'type': 'BODY', 'snType': 0, 'siteId': '637dde4778d2a708fc7ba545', 'lastTreeId': None, 'remark': None, 'createBy': '6371facc0c4e657602bd8955', 'updateBy': '6371facc0c4e657602bd8955', 'createTime': '2023-07-18', 'updateTime': '2023-07-18', 'children': None}]",
64b5f174980c963216b598b0,华南虎,INSTANCE,0,自建,,[],"[{'id': '64b5edf8980c963216b59767', 'nodeName': '生物分类虚拟树', 'virtualTreeType': '自建', 'type': 'BODY', 'snType': 0, 'siteId': '637dde4778d2a708fc7ba545', 'lastTreeId': None, 'remark': None, 'createBy': '6371facc0c4e657602bd8955', 'updateBy': '6371facc0c4e657602bd8955', 'createTime': '2023-07-18', 'updateTime': '2023-07-18', 'children': None}]",
64b5f4002cd7eb35818c2168~T,生物分类的泛文件总表,INSTANCE,3,,,"[{'id': '647e9046ce0c081248838810', 'name': '通用信息', 'labelIds': ['639c11b292e331102e89286a', '639c10cc92e331102e892859'], 'type': '标签组', 'remark': None, 'classificationIds': ['637440fd7825c77e8fecfcfc@63744bbe7825c77e8fed05a0'], 'organizationId': '637440fd7825c77e8fecfcfc@d85aabde-08f8-4c06-ba83-c3dc6b695b40', 'children': [{'id': '639c11b292e331102e89286a', 'name': '关键词', 'dataType': '字符', 'type': 'input', 'remark': '', 'rule': None, 'enumerate': '[]', 'icon': '', 'classificationIds': [], 'organizationId': None, 'createBy': '63915928c186ac553623caac', 'updateBy': '63915928c186ac553623caac', 'createTime': '2022-12-16 14:35:30', 'updateTime': '2022-12-16 14:35:30', 'associationClassification': None, 'formItemFlag': True, 'options': {}, 'labelIdPath': '647e9046ce0c081248838810/639c11b292e331102e89286a', 'value': '', 'pid': None, 'labelCollectionId': '647e9046ce0c081248838810', 'dataIndex': '647e9046ce0c081248838810/639c11b292e331102e89286a'}, {'id': '639c10cc92e331102e892859', 'name': '备注', 'dataType': '字符', 'type': 'input', 'remark': '', 'rule': None, 'enumerate': '[]', 'icon': '', 'classificationIds': [], 'organizationId': None, 'createBy': '6372ed910c4e657602bd8b83', 'updateBy': '6372ed910c4e657602bd8b83', 'createTime': '2022-12-16 14:31:40', 'updateTime': '2022-12-16 14:31:40', 'associationClassification': None, 'formItemFlag': True, 'options': {}, 'labelIdPath': '647e9046ce0c081248838810/639c10cc92e331102e892859', 'value': '', 'pid': None, 'labelCollectionId': '647e9046ce0c081248838810', 'dataIndex': '647e9046ce0c081248838810/639c10cc92e331102e892859'}], 'createBy': '6375a4469c933875f35e3843', 'updateBy': None, 'createTime': '2023-06-06 09:47:50', 'updateTime': None}]",,
64b5f4fe980c963216b59a32,现在,INSTANCE,0,自建,,[],,
64b5f4fe980c963216b59a33,过去,INSTANCE,0,自建,,[],,
64b5f4fe980c963216b59a34,未来,INSTANCE,0,自建,,[],,
64b5f52c2cd7eb35818c216b~T,生物分类表,INSTANCE,3,,,"[{'id': '647e9046ce0c081248838810', 'name': '通用信息', 'labelIds': ['639c11b292e331102e89286a', '639c10cc92e331102e892859'], 'type': '标签组', 'remark': None, 'classificationIds': ['637440fd7825c77e8fecfcfc@63744bbe7825c77e8fed05a0'], 'organizationId': '637440fd7825c77e8fecfcfc@d85aabde-08f8-4c06-ba83-c3dc6b695b40', 'children': [{'id': '639c11b292e331102e89286a', 'name': '关键词', 'dataType': '字符', 'type': 'input', 'remark': '', 'rule': None, 'enumerate': '[]', 'icon': '', 'classificationIds': [], 'organizationId': None, 'createBy': '63915928c186ac553623caac', 'updateBy': '63915928c186ac553623caac', 'createTime': '2022-12-16 14:35:30', 'updateTime': '2022-12-16 14:35:30', 'associationClassification': None, 'formItemFlag': True, 'options': {}, 'labelIdPath': '647e9046ce0c081248838810/639c11b292e331102e89286a', 'value': '分类', 'pid': None, 'labelCollectionId': '647e9046ce0c081248838810', 'dataIndex': '647e9046ce0c081248838810/639c11b292e331102e89286a'}, {'id': '639c10cc92e331102e892859', 'name': '备注', 'dataType': '字符', 'type': 'input', 'remark': '', 'rule': None, 'enumerate': '[]', 'icon': '', 'classificationIds': [], 'organizationId': None, 'createBy': '6372ed910c4e657602bd8b83', 'updateBy': '6372ed910c4e657602bd8b83', 'createTime': '2022-12-16 14:31:40', 'updateTime': '2022-12-16 14:31:40', 'associationClassification': None, 'formItemFlag': True, 'options': {}, 'labelIdPath': '647e9046ce0c081248838810/639c10cc92e331102e892859', 'value': '描述自然界生物分类', 'pid': None, 'labelCollectionId': '647e9046ce0c081248838810', 'dataIndex': '647e9046ce0c081248838810/639c10cc92e331102e892859'}], 'createBy': '6375a4469c933875f35e3843', 'updateBy': None, 'createTime': '2023-06-06 09:47:50', 'updateTime': None}]",,
64b5f8a9980c963216b59d53,原生动物门,INSTANCE,0,自建,,[],"[{'id': '64b5edf8980c963216b59767', 'nodeName': '生物分类虚拟树', 'virtualTreeType': '自建', 'type': 'BODY', 'snType': 0, 'siteId': '637dde4778d2a708fc7ba545', 'lastTreeId': None, 'remark': None, 'createBy': '6371facc0c4e657602bd8955', 'updateBy': '6371facc0c4e657602bd8955', 'createTime': '2023-07-18', 'updateTime': '2023-07-18', 'children': None}]",
64b5f8b5980c963216b59d61,纤毛纲,INSTANCE,0,自建,,[],"[{'id': '64b5edf8980c963216b59767', 'nodeName': '生物分类虚拟树', 'virtualTreeType': '自建', 'type': 'BODY', 'snType': 0, 'siteId': '637dde4778d2a708fc7ba545', 'lastTreeId': None, 'remark': None, 'createBy': '6371facc0c4e657602bd8955', 'updateBy': '6371facc0c4e657602bd8955', 'createTime': '2023-07-18', 'updateTime': '2023-07-18', 'children': None}]",
64b5f8c0980c963216b59d68,膜口目,INSTANCE,0,自建,,[],"[{'id': '64b5edf8980c963216b59767', 'nodeName': '生物分类虚拟树', 'virtualTreeType': '自建', 'type': 'BODY', 'snType': 0, 'siteId': '637dde4778d2a708fc7ba545', 'lastTreeId': None, 'remark': None, 'createBy': '6371facc0c4e657602bd8955', 'updateBy': '6371facc0c4e657602bd8955', 'createTime': '2023-07-18', 'updateTime': '2023-07-18', 'children': None}]",
64b5f8cc980c963216b59d6d,草履虫科,INSTANCE,0,自建,,[],"[{'id': '64b5edf8980c963216b59767', 'nodeName': '生物分类虚拟树', 'virtualTreeType': '自建', 'type': 'BODY', 'snType': 0, 'siteId': '637dde4778d2a708fc7ba545', 'lastTreeId': None, 'remark': None, 'createBy': '6371facc0c4e657602bd8955', 'updateBy': '6371facc0c4e657602bd8955', 'createTime': '2023-07-18', 'updateTime': '2023-07-18', 'children': None}]",
64b5f8e1980c963216b59d7e,草履虫属,INSTANCE,0,自建,,[],"[{'id': '64b5edf8980c963216b59767', 'nodeName': '生物分类虚拟树', 'virtualTreeType': '自建', 'type': 'BODY', 'snType': 0, 'siteId': '637dde4778d2a708fc7ba545', 'lastTreeId': None, 'remark': None, 'createBy': '6371facc0c4e657602bd8955', 'updateBy': '6371facc0c4e657602bd8955', 'createTime': '2023-07-18', 'updateTime': '2023-07-18', 'children': None}]",
64b5f8ef980c963216b59d85,草履虫,INSTANCE,0,自建,,[],"[{'id': '64b5edf8980c963216b59767', 'nodeName': '生物分类虚拟树', 'virtualTreeType': '自建', 'type': 'BODY', 'snType': 0, 'siteId': '637dde4778d2a708fc7ba545', 'lastTreeId': None, 'remark': None, 'createBy': '6371facc0c4e657602bd8955', 'updateBy': '6371facc0c4e657602bd8955', 'createTime': '2023-07-18', 'updateTime': '2023-07-18', 'children': None}]",
64b5f951980c963216b59dcc,蓝藻门,INSTANCE,0,自建,,[],"[{'id': '64b5edf8980c963216b59767', 'nodeName': '生物分类虚拟树', 'virtualTreeType': '自建', 'type': 'BODY', 'snType': 0, 'siteId': '637dde4778d2a708fc7ba545', 'lastTreeId': None, 'remark': None, 'createBy': '6371facc0c4e657602bd8955', 'updateBy': '6371facc0c4e657602bd8955', 'createTime': '2023-07-18', 'updateTime': '2023-07-18', 'children': None}]",
64b5f961980c963216b59dd3,蓝藻纲,INSTANCE,0,自建,,[],"[{'id': '64b5edf8980c963216b59767', 'nodeName': '生物分类虚拟树', 'virtualTreeType': '自建', 'type': 'BODY', 'snType': 0, 'siteId': '637dde4778d2a708fc7ba545', 'lastTreeId': None, 'remark': None, 'createBy': '6371facc0c4e657602bd8955', 'updateBy': '6371facc0c4e657602bd8955', 'createTime': '2023-07-18', 'updateTime': '2023-07-18', 'children': None}]",
64b5f96a980c963216b59dd8,念珠藻目,INSTANCE,0,自建,,[],"[{'id': '64b5edf8980c963216b59767', 'nodeName': '生物分类虚拟树', 'virtualTreeType': '自建', 'type': 'BODY', 'snType': 0, 'siteId': '637dde4778d2a708fc7ba545', 'lastTreeId': None, 'remark': None, 'createBy': '6371facc0c4e657602bd8955', 'updateBy': '6371facc0c4e657602bd8955', 'createTime': '2023-07-18', 'updateTime': '2023-07-18', 'children': None}]",
64b5f972980c963216b59ddd,念珠藻科,INSTANCE,0,自建,,[],"[{'id': '64b5edf8980c963216b59767', 'nodeName': '生物分类虚拟树', 'virtualTreeType': '自建', 'type': 'BODY', 'snType': 0, 'siteId': '637dde4778d2a708fc7ba545', 'lastTreeId': None, 'remark': None, 'createBy': '6371facc0c4e657602bd8955', 'updateBy': '6371facc0c4e657602bd8955', 'createTime': '2023-07-18', 'updateTime': '2023-07-18', 'children': None}]",
64b5f97a980c963216b59de2,鱼腥藻属,INSTANCE,0,自建,,[],"[{'id': '64b5edf8980c963216b59767', 'nodeName': '生物分类虚拟树', 'virtualTreeType': '自建', 'type': 'BODY', 'snType': 0, 'siteId': '637dde4778d2a708fc7ba545', 'lastTreeId': None, 'remark': None, 'createBy': '6371facc0c4e657602bd8955', 'updateBy': '6371facc0c4e657602bd8955', 'createTime': '2023-07-18', 'updateTime': '2023-07-18', 'children': None}]",
64b5f986980c963216b59de9,鱼腥藻,INSTANCE,0,自建,,[],"[{'id': '64b5edf8980c963216b59767', 'nodeName': '生物分类虚拟树', 'virtualTreeType': '自建', 'type': 'BODY', 'snType': 0, 'siteId': '637dde4778d2a708fc7ba545', 'lastTreeId': None, 'remark': None, 'createBy': '6371facc0c4e657602bd8955', 'updateBy': '6371facc0c4e657602bd8955', 'createTime': '2023-07-18', 'updateTime': '2023-07-18', 'children': None}]",
64b5f9bf980c963216b59df0,被子植物门,INSTANCE,0,自建,,[],"[{'id': '64b5edf8980c963216b59767', 'nodeName': '生物分类虚拟树', 'virtualTreeType': '自建', 'type': 'BODY', 'snType': 0, 'siteId': '637dde4778d2a708fc7ba545', 'lastTreeId': None, 'remark': None, 'createBy': '6371facc0c4e657602bd8955', 'updateBy': '6371facc0c4e657602bd8955', 'createTime': '2023-07-18', 'updateTime': '2023-07-18', 'children': None}]",
64b5f9bf980c963216b59df1,裸子植物门,INSTANCE,0,自建,,[],"[{'id': '64b5edf8980c963216b59767', 'nodeName': '生物分类虚拟树', 'virtualTreeType': '自建', 'type': 'BODY', 'snType': 0, 'siteId': '637dde4778d2a708fc7ba545', 'lastTreeId': None, 'remark': None, 'createBy': '6371facc0c4e657602bd8955', 'updateBy': '6371facc0c4e657602bd8955', 'createTime': '2023-07-18', 'updateTime': '2023-07-18', 'children': None}]",
64b5f9cc980c963216b59df7,木兰纲,INSTANCE,0,自建,,[],"[{'id': '64b5edf8980c963216b59767', 'nodeName': '生物分类虚拟树', 'virtualTreeType': '自建', 'type': 'BODY', 'snType': 0, 'siteId': '637dde4778d2a708fc7ba545', 'lastTreeId': None, 'remark': None, 'createBy': '6371facc0c4e657602bd8955', 'updateBy': '6371facc0c4e657602bd8955', 'createTime': '2023-07-18', 'updateTime': '2023-07-18', 'children': None}]",
64b5f9d4980c963216b59dfc,山龙眼目,INSTANCE,0,自建,,[],"[{'id': '64b5edf8980c963216b59767', 'nodeName': '生物分类虚拟树', 'virtualTreeType': '自建', 'type': 'BODY', 'snType': 0, 'siteId': '637dde4778d2a708fc7ba545', 'lastTreeId': None, 'remark': None, 'createBy': '6371facc0c4e657602bd8955', 'updateBy': '6371facc0c4e657602bd8955', 'createTime': '2023-07-18', 'updateTime': '2023-07-18', 'children': None}]",
64b5f9dc980c963216b59e01,莲科,INSTANCE,0,自建,,[],"[{'id': '64b5edf8980c963216b59767', 'nodeName': '生物分类虚拟树', 'virtualTreeType': '自建', 'type': 'BODY', 'snType': 0, 'siteId': '637dde4778d2a708fc7ba545', 'lastTreeId': None, 'remark': None, 'createBy': '6371facc0c4e657602bd8955', 'updateBy': '6371facc0c4e657602bd8955', 'createTime': '2023-07-18', 'updateTime': '2023-07-18', 'children': None}]",
64b5f9f8980c963216b59e20,莲属,INSTANCE,0,自建,,[],"[{'id': '64b5edf8980c963216b59767', 'nodeName': '生物分类虚拟树', 'virtualTreeType': '自建', 'type': 'BODY', 'snType': 0, 'siteId': '637dde4778d2a708fc7ba545', 'lastTreeId': None, 'remark': None, 'createBy': '6371facc0c4e657602bd8955', 'updateBy': '6371facc0c4e657602bd8955', 'createTime': '2023-07-18', 'updateTime': '2023-07-18', 'children': None}]",
64b5fa02980c963216b59e25,荷花,INSTANCE,0,自建,,[],"[{'id': '64b5edf8980c963216b59767', 'nodeName': '生物分类虚拟树', 'virtualTreeType': '自建', 'type': 'BODY', 'snType': 0, 'siteId': '637dde4778d2a708fc7ba545', 'lastTreeId': None, 'remark': None, 'createBy': '6371facc0c4e657602bd8955', 'updateBy': '6371facc0c4e657602bd8955', 'createTime': '2023-07-18', 'updateTime': '2023-07-18', 'children': None}]",
64b5fa02980c963216b59e26,黄莲花,INSTANCE,0,自建,,[],"[{'id': '64b5edf8980c963216b59767', 'nodeName': '生物分类虚拟树', 'virtualTreeType': '自建', 'type': 'BODY', 'snType': 0, 'siteId': '637dde4778d2a708fc7ba545', 'lastTreeId': None, 'remark': None, 'createBy': '6371facc0c4e657602bd8955', 'updateBy': '6371facc0c4e657602bd8955', 'createTime': '2023-07-18', 'updateTime': '2023-07-18', 'children': None}]",
64b5fa24980c963216b59e2c,松柏纲,INSTANCE,0,自建,,[],"[{'id': '64b5edf8980c963216b59767', 'nodeName': '生物分类虚拟树', 'virtualTreeType': '自建', 'type': 'BODY', 'snType': 0, 'siteId': '637dde4778d2a708fc7ba545', 'lastTreeId': None, 'remark': None, 'createBy': '6371facc0c4e657602bd8955', 'updateBy': '6371facc0c4e657602bd8955', 'createTime': '2023-07-18', 'updateTime': '2023-07-18', 'children': None}]",
64b5fa2d980c963216b59e47,松柏目,INSTANCE,0,自建,,[],"[{'id': '64b5edf8980c963216b59767', 'nodeName': '生物分类虚拟树', 'virtualTreeType': '自建', 'type': 'BODY', 'snType': 0, 'siteId': '637dde4778d2a708fc7ba545', 'lastTreeId': None, 'remark': None, 'createBy': '6371facc0c4e657602bd8955', 'updateBy': '6371facc0c4e657602bd8955', 'createTime': '2023-07-18', 'updateTime': '2023-07-18', 'children': None}]",
64b5fa36980c963216b59e50,松科,INSTANCE,0,自建,,[],"[{'id': '64b5edf8980c963216b59767', 'nodeName': '生物分类虚拟树', 'virtualTreeType': '自建', 'type': 'BODY', 'snType': 0, 'siteId': '637dde4778d2a708fc7ba545', 'lastTreeId': None, 'remark': None, 'createBy': '6371facc0c4e657602bd8955', 'updateBy': '6371facc0c4e657602bd8955', 'createTime': '2023-07-18', 'updateTime': '2023-07-18', 'children': None}]",
64b5fa48980c963216b59e57,松属,INSTANCE,0,自建,,[],"[{'id': '64b5edf8980c963216b59767', 'nodeName': '生物分类虚拟树', 'virtualTreeType': '自建', 'type': 'BODY', 'snType': 0, 'siteId': '637dde4778d2a708fc7ba545', 'lastTreeId': None, 'remark': None, 'createBy': '6371facc0c4e657602bd8955', 'updateBy': '6371facc0c4e657602bd8955', 'createTime': '2023-07-18', 'updateTime': '2023-07-18', 'children': None}]",
64b5fa5e980c963216b59e60,松树,INSTANCE,0,自建,,[],"[{'id': '64b5edf8980c963216b59767', 'nodeName': '生物分类虚拟树', 'virtualTreeType': '自建', 'type': 'BODY', 'snType': 0, 'siteId': '637dde4778d2a708fc7ba545', 'lastTreeId': None, 'remark': None, 'createBy': '6371facc0c4e657602bd8955', 'updateBy': '6371facc0c4e657602bd8955', 'createTime': '2023-07-18', 'updateTime': '2023-07-18', 'children': None}]",
64b5fa88980c963216b59e71,变形菌门,INSTANCE,0,自建,,[],"[{'id': '64b5edf8980c963216b59767', 'nodeName': '生物分类虚拟树', 'virtualTreeType': '自建', 'type': 'BODY', 'snType': 0, 'siteId': '637dde4778d2a708fc7ba545', 'lastTreeId': None, 'remark': None, 'createBy': '6371facc0c4e657602bd8955', 'updateBy': '6371facc0c4e657602bd8955', 'createTime': '2023-07-18', 'updateTime': '2023-07-18', 'children': None}]",
64b5fa90980c963216b59e78,γ-变形菌纲,INSTANCE,0,自建,,[],"[{'id': '64b5edf8980c963216b59767', 'nodeName': '生物分类虚拟树', 'virtualTreeType': '自建', 'type': 'BODY', 'snType': 0, 'siteId': '637dde4778d2a708fc7ba545', 'lastTreeId': None, 'remark': None, 'createBy': '6371facc0c4e657602bd8955', 'updateBy': '6371facc0c4e657602bd8955', 'createTime': '2023-07-18', 'updateTime': '2023-07-18', 'children': None}]",
64b5fa98980c963216b59e7d,肠杆菌目,INSTANCE,0,自建,,[],"[{'id': '64b5edf8980c963216b59767', 'nodeName': '生物分类虚拟树', 'virtualTreeType': '自建', 'type': 'BODY', 'snType': 0, 'siteId': '637dde4778d2a708fc7ba545', 'lastTreeId': None, 'remark': None, 'createBy': '6371facc0c4e657602bd8955', 'updateBy': '6371facc0c4e657602bd8955', 'createTime': '2023-07-18', 'updateTime': '2023-07-18', 'children': None}]",
64b5faa2980c963216b59e8e,肠杆菌科,INSTANCE,0,自建,,[],"[{'id': '64b5edf8980c963216b59767', 'nodeName': '生物分类虚拟树', 'virtualTreeType': '自建', 'type': 'BODY', 'snType': 0, 'siteId': '637dde4778d2a708fc7ba545', 'lastTreeId': None, 'remark': None, 'createBy': '6371facc0c4e657602bd8955', 'updateBy': '6371facc0c4e657602bd8955', 'createTime': '2023-07-18', 'updateTime': '2023-07-18', 'children': None}]",
64b5faad980c963216b59ea3,埃希氏菌属,INSTANCE,0,自建,,[],"[{'id': '64b5edf8980c963216b59767', 'nodeName': '生物分类虚拟树', 'virtualTreeType': '自建', 'type': 'BODY', 'snType': 0, 'siteId': '637dde4778d2a708fc7ba545', 'lastTreeId': None, 'remark': None, 'createBy': '6371facc0c4e657602bd8955', 'updateBy': '6371facc0c4e657602bd8955', 'createTime': '2023-07-18', 'updateTime': '2023-07-18', 'children': None}]",
64b5fab7980c963216b59eb4,大肠杆菌,INSTANCE,0,自建,,[],"[{'id': '64b5edf8980c963216b59767', 'nodeName': '生物分类虚拟树', 'virtualTreeType': '自建', 'type': 'BODY', 'snType': 0, 'siteId': '637dde4778d2a708fc7ba545', 'lastTreeId': None, 'remark': None, 'createBy': '6371facc0c4e657602bd8955', 'updateBy': '6371facc0c4e657602bd8955', 'createTime': '2023-07-18', 'updateTime': '2023-07-18', 'children': None}]",
64b5faff980c963216b59ef3,真菌门,INSTANCE,0,自建,,[],"[{'id': '64b5edf8980c963216b59767', 'nodeName': '生物分类虚拟树', 'virtualTreeType': '自建', 'type': 'BODY', 'snType': 0, 'siteId': '637dde4778d2a708fc7ba545', 'lastTreeId': None, 'remark': None, 'createBy': '6371facc0c4e657602bd8955', 'updateBy': '6371facc0c4e657602bd8955', 'createTime': '2023-07-18', 'updateTime': '2023-07-18', 'children': None}]",
64b5fb27980c963216b59f00,子囊菌纲,INSTANCE,0,自建,,[],"[{'id': '64b5edf8980c963216b59767', 'nodeName': '生物分类虚拟树', 'virtualTreeType': '自建', 'type': 'BODY', 'snType': 0, 'siteId': '637dde4778d2a708fc7ba545', 'lastTreeId': None, 'remark': None, 'createBy': '6371facc0c4e657602bd8955', 'updateBy': '6371facc0c4e657602bd8955', 'createTime': '2023-07-18', 'updateTime': '2023-07-18', 'children': None}]",
64b5fb3c980c963216b59f15,丛梗孢科,INSTANCE,0,自建,,[],"[{'id': '64b5edf8980c963216b59767', 'nodeName': '生物分类虚拟树', 'virtualTreeType': '自建', 'type': 'BODY', 'snType': 0, 'siteId': '637dde4778d2a708fc7ba545', 'lastTreeId': None, 'remark': None, 'createBy': '6371facc0c4e657602bd8955', 'updateBy': '6371facc0c4e657602bd8955', 'createTime': '2023-07-18', 'updateTime': '2023-07-18', 'children': None}]",
64b5fb45980c963216b59f1a,曲霉属,INSTANCE,0,自建,,[],"[{'id': '64b5edf8980c963216b59767', 'nodeName': '生物分类虚拟树', 'virtualTreeType': '自建', 'type': 'BODY', 'snType': 0, 'siteId': '637dde4778d2a708fc7ba545', 'lastTreeId': None, 'remark': None, 'createBy': '6371facc0c4e657602bd8955', 'updateBy': '6371facc0c4e657602bd8955', 'createTime': '2023-07-18', 'updateTime': '2023-07-18', 'children': None}]",
64b5fb51980c963216b59f29,黄曲霉菌,INSTANCE,0,自建,,[],"[{'id': '64b5edf8980c963216b59767', 'nodeName': '生物分类虚拟树', 'virtualTreeType': '自建', 'type': 'BODY', 'snType': 0, 'siteId': '637dde4778d2a708fc7ba545', 'lastTreeId': None, 'remark': None, 'createBy': '6371facc0c4e657602bd8955', 'updateBy': '6371facc0c4e657602bd8955', 'createTime': '2023-07-18', 'updateTime': '2023-07-18', 'children': None}]",
64b5fb7a980c963216b59f47,丝孢目,INSTANCE,0,自建,,[],"[{'id': '64b5edf8980c963216b59767', 'nodeName': '生物分类虚拟树', 'virtualTreeType': '自建', 'type': 'BODY', 'snType': 0, 'siteId': '637dde4778d2a708fc7ba545', 'lastTreeId': None, 'remark': None, 'createBy': '6371facc0c4e657602bd8955', 'updateBy': '6371facc0c4e657602bd8955', 'createTime': '2023-07-18', 'updateTime': '2023-07-18', 'children': None}]",
64b790db1c942d01f81ce6b2~T,属-种数据表,INSTANCE,3,,,"[{'id': '647e9046ce0c081248838810', 'name': '通用信息', 'labelIds': ['639c11b292e331102e89286a', '639c10cc92e331102e892859'], 'type': '标签组', 'remark': None, 'classificationIds': ['637440fd7825c77e8fecfcfc@63744bbe7825c77e8fed05a0'], 'organizationId': '637440fd7825c77e8fecfcfc@d85aabde-08f8-4c06-ba83-c3dc6b695b40', 'children': [{'id': '639c11b292e331102e89286a', 'name': '关键词', 'dataType': '字符', 'type': 'input', 'remark': '', 'rule': None, 'enumerate': '[]', 'icon': '', 'classificationIds': [], 'organizationId': None, 'createBy': '63915928c186ac553623caac', 'updateBy': '63915928c186ac553623caac', 'createTime': '2022-12-16 14:35:30', 'updateTime': '2022-12-16 14:35:30', 'associationClassification': None, 'formItemFlag': True, 'options': {}, 'labelIdPath': '647e9046ce0c081248838810/639c11b292e331102e89286a', 'value': '属种', 'pid': None, 'labelCollectionId': '647e9046ce0c081248838810', 'dataIndex': '647e9046ce0c081248838810/639c11b292e331102e89286a'}, {'id': '639c10cc92e331102e892859', 'name': '备注', 'dataType': '字符', 'type': 'input', 'remark': '', 'rule': None, 'enumerate': '[]', 'icon': '', 'classificationIds': [], 'organizationId': None, 'createBy': '6372ed910c4e657602bd8b83', 'updateBy': '6372ed910c4e657602bd8b83', 'createTime': '2022-12-16 14:31:40', 'updateTime': '2022-12-16 14:31:40', 'associationClassification': None, 'formItemFlag': True, 'options': {}, 'labelIdPath': '647e9046ce0c081248838810/639c10cc92e331102e892859', 'value': '属-种', 'pid': None, 'labelCollectionId': '647e9046ce0c081248838810', 'dataIndex': '647e9046ce0c081248838810/639c10cc92e331102e892859'}], 'createBy': '6375a4469c933875f35e3843', 'updateBy': None, 'createTime': '2023-06-06 09:47:50', 'updateTime': None}]",,
64b8d77c720a0a459461510e,辐鳍鱼纲,INSTANCE,0,自建,,[],"[{'id': '64b5edf8980c963216b59767', 'nodeName': '生物分类虚拟树', 'virtualTreeType': '自建', 'type': 'BODY', 'snType': 0, 'siteId': '637dde4778d2a708fc7ba545', 'lastTreeId': None, 'remark': None, 'createBy': '6371facc0c4e657602bd8955', 'updateBy': '6371facc0c4e657602bd8955', 'createTime': '2023-07-18', 'updateTime': '2023-07-18', 'children': None}]",
64b8d79b720a0a4594615128,鲽形目,INSTANCE,0,自建,,[],"[{'id': '64b5edf8980c963216b59767', 'nodeName': '生物分类虚拟树', 'virtualTreeType': '自建', 'type': 'BODY', 'snType': 0, 'siteId': '637dde4778d2a708fc7ba545', 'lastTreeId': None, 'remark': None, 'createBy': '6371facc0c4e657602bd8955', 'updateBy': '6371facc0c4e657602bd8955', 'createTime': '2023-07-18', 'updateTime': '2023-07-18', 'children': None}]",
64b8e1a9110a4403d86e0866,鲽科,INSTANCE,0,自建,,[],"[{'id': '64b5edf8980c963216b59767', 'nodeName': '生物分类虚拟树', 'virtualTreeType': '自建', 'type': 'BODY', 'snType': 0, 'siteId': '637dde4778d2a708fc7ba545', 'lastTreeId': None, 'remark': None, 'createBy': '6371facc0c4e657602bd8955', 'updateBy': '6371facc0c4e657602bd8955', 'createTime': '2023-07-18', 'updateTime': '2023-07-18', 'children': None}]",
64b8e309720a0a45946153f5,黄盖鲽属,INSTANCE,0,自建,,[],"[{'id': '64b5edf8980c963216b59767', 'nodeName': '生物分类虚拟树', 'virtualTreeType': '自建', 'type': 'BODY', 'snType': 0, 'siteId': '637dde4778d2a708fc7ba545', 'lastTreeId': None, 'remark': None, 'createBy': '6371facc0c4e657602bd8955', 'updateBy': '6371facc0c4e657602bd8955', 'createTime': '2023-07-18', 'updateTime': '2023-07-18', 'children': None}]",
64b8e328720a0a45946153f7,黄盖鲽,INSTANCE,0,自建,,[],"[{'id': '64b5edf8980c963216b59767', 'nodeName': '生物分类虚拟树', 'virtualTreeType': '自建', 'type': 'BODY', 'snType': 0, 'siteId': '637dde4778d2a708fc7ba545', 'lastTreeId': None, 'remark': None, 'createBy': '6371facc0c4e657602bd8955', 'updateBy': '6371facc0c4e657602bd8955', 'createTime': '2023-07-18', 'updateTime': '2023-07-18', 'children': None}]",
64b9013eb3be9a1d021fc4d7,唇形目,INSTANCE,0,自建,,[],"[{'id': '64b5edf8980c963216b59767', 'nodeName': '生物分类虚拟树', 'virtualTreeType': '自建', 'type': 'BODY', 'snType': 0, 'siteId': '637dde4778d2a708fc7ba545', 'lastTreeId': None, 'remark': None, 'createBy': '6371facc0c4e657602bd8955', 'updateBy': '6371facc0c4e657602bd8955', 'createTime': '2023-07-18', 'updateTime': '2023-07-18', 'children': None}]",
64b90150b3be9a1d021fc4d9,木樨科,INSTANCE,0,自建,,[],"[{'id': '64b5edf8980c963216b59767', 'nodeName': '生物分类虚拟树', 'virtualTreeType': '自建', 'type': 'BODY', 'snType': 0, 'siteId': '637dde4778d2a708fc7ba545', 'lastTreeId': None, 'remark': None, 'createBy': '6371facc0c4e657602bd8955', 'updateBy': '6371facc0c4e657602bd8955', 'createTime': '2023-07-18', 'updateTime': '2023-07-18', 'children': None}]",
64b9016ab3be9a1d021fc4dd,素馨属,INSTANCE,0,自建,,[],"[{'id': '64b5edf8980c963216b59767', 'nodeName': '生物分类虚拟树', 'virtualTreeType': '自建', 'type': 'BODY', 'snType': 0, 'siteId': '637dde4778d2a708fc7ba545', 'lastTreeId': None, 'remark': None, 'createBy': '6371facc0c4e657602bd8955', 'updateBy': '6371facc0c4e657602bd8955', 'createTime': '2023-07-18', 'updateTime': '2023-07-18', 'children': None}]",
64b90174b3be9a1d021fc4df,茉莉花,INSTANCE,0,自建,,[],"[{'id': '64b5edf8980c963216b59767', 'nodeName': '生物分类虚拟树', 'virtualTreeType': '自建', 'type': 'BODY', 'snType': 0, 'siteId': '637dde4778d2a708fc7ba545', 'lastTreeId': None, 'remark': None, 'createBy': '6371facc0c4e657602bd8955', 'updateBy': '6371facc0c4e657602bd8955', 'createTime': '2023-07-18', 'updateTime': '2023-07-18', 'children': None}]",
64c0dc57f013b20589fc94b6~T,7777,INSTANCE,3,,,"[{'id': '647e9046ce0c081248838810', 'name': '通用信息', 'labelIds': ['639c11b292e331102e89286a', '639c10cc92e331102e892859'], 'type': '标签组', 'remark': None, 'classificationIds': ['637440fd7825c77e8fecfcfc@63744bbe7825c77e8fed05a0'], 'organizationId': '637440fd7825c77e8fecfcfc@d85aabde-08f8-4c06-ba83-c3dc6b695b40', 'children': [{'id': '639c11b292e331102e89286a', 'name': '关键词', 'dataType': '字符', 'type': 'input', 'remark': '', 'rule': None, 'enumerate': '[]', 'icon': '', 'classificationIds': [], 'organizationId': None, 'createBy': '63915928c186ac553623caac', 'updateBy': '63915928c186ac553623caac', 'createTime': '2022-12-16 14:35:30', 'updateTime': '2022-12-16 14:35:30', 'associationClassification': None, 'formItemFlag': True, 'options': {}, 'labelIdPath': '647e9046ce0c081248838810/639c11b292e331102e89286a', 'value': '111', 'pid': None, 'labelCollectionId': '647e9046ce0c081248838810', 'dataIndex': '647e9046ce0c081248838810/639c11b292e331102e89286a'}, {'id': '639c10cc92e331102e892859', 'name': '备注', 'dataType': '字符', 'type': 'input', 'remark': '', 'rule': None, 'enumerate': '[]', 'icon': '', 'classificationIds': [], 'organizationId': None, 'createBy': '6372ed910c4e657602bd8b83', 'updateBy': '6372ed910c4e657602bd8b83', 'createTime': '2022-12-16 14:31:40', 'updateTime': '2022-12-16 14:31:40', 'associationClassification': None, 'formItemFlag': True, 'options': {}, 'labelIdPath': '647e9046ce0c081248838810/639c10cc92e331102e892859', 'value': '111', 'pid': None, 'labelCollectionId': '647e9046ce0c081248838810', 'dataIndex': '647e9046ce0c081248838810/639c10cc92e331102e892859'}], 'createBy': '6375a4469c933875f35e3843', 'updateBy': None, 'createTime': '2023-06-06 09:47:50', 'updateTime': None}]",,
64c0df77f013b20589fc94c6~T,泛文件表1,INSTANCE,3,,,"[{'id': '647e9046ce0c081248838810', 'name': '通用信息', 'labelIds': ['639c11b292e331102e89286a', '639c10cc92e331102e892859'], 'type': '标签组', 'remark': None, 'classificationIds': ['637440fd7825c77e8fecfcfc@63744bbe7825c77e8fed05a0'], 'organizationId': '637440fd7825c77e8fecfcfc@d85aabde-08f8-4c06-ba83-c3dc6b695b40', 'children': [{'id': '639c11b292e331102e89286a', 'name': '关键词', 'dataType': '字符', 'type': 'input', 'remark': '', 'rule': None, 'enumerate': '[]', 'icon': '', 'classificationIds': [], 'organizationId': None, 'createBy': '63915928c186ac553623caac', 'updateBy': '63915928c186ac553623caac', 'createTime': '2022-12-16 14:35:30', 'updateTime': '2022-12-16 14:35:30', 'associationClassification': None, 'formItemFlag': True, 'options': {}, 'labelIdPath': '647e9046ce0c081248838810/639c11b292e331102e89286a', 'value': '', 'pid': None, 'labelCollectionId': '647e9046ce0c081248838810', 'dataIndex': '647e9046ce0c081248838810/639c11b292e331102e89286a'}, {'id': '639c10cc92e331102e892859', 'name': '备注', 'dataType': '字符', 'type': 'input', 'remark': '', 'rule': None, 'enumerate': '[]', 'icon': '', 'classificationIds': [], 'organizationId': None, 'createBy': '6372ed910c4e657602bd8b83', 'updateBy': '6372ed910c4e657602bd8b83', 'createTime': '2022-12-16 14:31:40', 'updateTime': '2022-12-16 14:31:40', 'associationClassification': None, 'formItemFlag': True, 'options': {}, 'labelIdPath': '647e9046ce0c081248838810/639c10cc92e331102e892859', 'value': '', 'pid': None, 'labelCollectionId': '647e9046ce0c081248838810', 'dataIndex': '647e9046ce0c081248838810/639c10cc92e331102e892859'}], 'createBy': '6375a4469c933875f35e3843', 'updateBy': None, 'createTime': '2023-06-06 09:47:50', 'updateTime': None}]",,
64c0e1a050662a08972ce0fa~T,ABC,INSTANCE,3,,,"[{'id': '647e9046ce0c081248838810', 'name': '通用信息', 'labelIds': ['639c11b292e331102e89286a', '639c10cc92e331102e892859'], 'type': '标签组', 'remark': None, 'classificationIds': ['637440fd7825c77e8fecfcfc@63744bbe7825c77e8fed05a0'], 'organizationId': '637440fd7825c77e8fecfcfc@d85aabde-08f8-4c06-ba83-c3dc6b695b40', 'children': [{'id': '639c11b292e331102e89286a', 'name': '关键词', 'dataType': '字符', 'type': 'input', 'remark': '', 'rule': None, 'enumerate': '[]', 'icon': '', 'classificationIds': [], 'organizationId': None, 'createBy': '63915928c186ac553623caac', 'updateBy': '63915928c186ac553623caac', 'createTime': '2022-12-16 14:35:30', 'updateTime': '2022-12-16 14:35:30', 'associationClassification': None, 'formItemFlag': True, 'options': {}, 'labelIdPath': '647e9046ce0c081248838810/639c11b292e331102e89286a', 'value': '111', 'pid': None, 'labelCollectionId': '647e9046ce0c081248838810', 'dataIndex': '647e9046ce0c081248838810/639c11b292e331102e89286a'}, {'id': '639c10cc92e331102e892859', 'name': '备注', 'dataType': '字符', 'type': 'input', 'remark': '', 'rule': None, 'enumerate': '[]', 'icon': '', 'classificationIds': [], 'organizationId': None, 'createBy': '6372ed910c4e657602bd8b83', 'updateBy': '6372ed910c4e657602bd8b83', 'createTime': '2022-12-16 14:31:40', 'updateTime': '2022-12-16 14:31:40', 'associationClassification': None, 'formItemFlag': True, 'options': {}, 'labelIdPath': '647e9046ce0c081248838810/639c10cc92e331102e892859', 'value': '111', 'pid': None, 'labelCollectionId': '647e9046ce0c081248838810', 'dataIndex': '647e9046ce0c081248838810/639c10cc92e331102e892859'}], 'createBy': '6375a4469c933875f35e3843', 'updateBy': None, 'createTime': '2023-06-06 09:47:50', 'updateTime': None}]",,
64c0e4eca24fef1d47623902,A001,INSTANCE,0,自建,,[],"[{'id': '64c0de62bd50fe7b38f1d305', 'nodeName': '0726', 'virtualTreeType': '自建', 'type': 'BODY', 'snType': 0, 'siteId': '637dde4778d2a708fc7ba545', 'lastTreeId': None, 'remark': None, 'createBy': '6375a4469c933875f35e3843', 'updateBy': '6375a4469c933875f35e3843', 'createTime': '2023-07-26', 'updateTime': '2023-07-26', 'children': None}]",
64c0e56fa24fef1d47623905,B001,INSTANCE,0,自建,,[],"[{'id': '64c0de62bd50fe7b38f1d305', 'nodeName': '0726', 'virtualTreeType': '自建', 'type': 'BODY', 'snType': 0, 'siteId': '637dde4778d2a708fc7ba545', 'lastTreeId': None, 'remark': None, 'createBy': '6375a4469c933875f35e3843', 'updateBy': '6375a4469c933875f35e3843', 'createTime': '2023-07-26', 'updateTime': '2023-07-26', 'children': None}]",
64c0e56fa24fef1d47623908,C001,INSTANCE,0,自建,,[],,
64c1c2df6632835e53b6b2d4,A002,INSTANCE,0,自建,,[],"[{'id': '64c0de62bd50fe7b38f1d305', 'nodeName': '0726', 'virtualTreeType': '自建', 'type': 'BODY', 'snType': 0, 'siteId': '637dde4778d2a708fc7ba545', 'lastTreeId': None, 'remark': None, 'createBy': '6375a4469c933875f35e3843', 'updateBy': '6375a4469c933875f35e3843', 'createTime': '2023-07-26', 'updateTime': '2023-07-26', 'children': None}]",
64c1c2df6632835e53b6b2d6,B002,INSTANCE,0,自建,,[],"[{'id': '64c0de62bd50fe7b38f1d305', 'nodeName': '0726', 'virtualTreeType': '自建', 'type': 'BODY', 'snType': 0, 'siteId': '637dde4778d2a708fc7ba545', 'lastTreeId': None, 'remark': None, 'createBy': '6375a4469c933875f35e3843', 'updateBy': '6375a4469c933875f35e3843', 'createTime': '2023-07-26', 'updateTime': '2023-07-26', 'children': None}]",
