startId,pid,relationId,virtualTreeList,bodyRelationId
64b5ee70980c963216b59786,,,"[{'id': '64b5edf8980c963216b59767', 'nodeName': '生物分类虚拟树', 'virtualTreeType': '自建', 'type': 'BODY', 'snType': 0, 'siteId': '637dde4778d2a708fc7ba545', 'lastTreeId': None, 'remark': None, 'createBy': '6371facc0c4e657602bd8955', 'updateBy': '6371facc0c4e657602bd8955', 'createTime': '2023-07-18', 'updateTime': '2023-07-18', 'children': None}]",64b5edf8980c963216b59768
64b5ee70980c963216b59787,,,"[{'id': '64b5edf8980c963216b59767', 'nodeName': '生物分类虚拟树', 'virtualTreeType': '自建', 'type': 'BODY', 'snType': 0, 'siteId': '637dde4778d2a708fc7ba545', 'lastTreeId': None, 'remark': None, 'createBy': '6371facc0c4e657602bd8955', 'updateBy': '6371facc0c4e657602bd8955', 'createTime': '2023-07-18', 'updateTime': '2023-07-18', 'children': None}]",64b5edf8980c963216b59768
64b5ee70980c963216b59789,,,"[{'id': '64b5edf8980c963216b59767', 'nodeName': '生物分类虚拟树', 'virtualTreeType': '自建', 'type': 'BODY', 'snType': 0, 'siteId': '637dde4778d2a708fc7ba545', 'lastTreeId': None, 'remark': None, 'createBy': '6371facc0c4e657602bd8955', 'updateBy': '6371facc0c4e657602bd8955', 'createTime': '2023-07-18', 'updateTime': '2023-07-18', 'children': None}]",64b5edf8980c963216b59768
64b5ee70980c963216b5978a,,,"[{'id': '64b5edf8980c963216b59767', 'nodeName': '生物分类虚拟树', 'virtualTreeType': '自建', 'type': 'BODY', 'snType': 0, 'siteId': '637dde4778d2a708fc7ba545', 'lastTreeId': None, 'remark': None, 'createBy': '6371facc0c4e657602bd8955', 'updateBy': '6371facc0c4e657602bd8955', 'createTime': '2023-07-18', 'updateTime': '2023-07-18', 'children': None}]",64b5edf8980c963216b59768
64b5ee70980c963216b5978b,,,"[{'id': '64b5edf8980c963216b59767', 'nodeName': '生物分类虚拟树', 'virtualTreeType': '自建', 'type': 'BODY', 'snType': 0, 'siteId': '637dde4778d2a708fc7ba545', 'lastTreeId': None, 'remark': None, 'createBy': '6371facc0c4e657602bd8955', 'updateBy': '6371facc0c4e657602bd8955', 'createTime': '2023-07-18', 'updateTime': '2023-07-18', 'children': None}]",64b5edf8980c963216b59768
64b5ef81980c963216b597e4,64b5ee70980c963216b59786,a5f767911691674080000000,"[{'id': '64b5edf8980c963216b59767', 'nodeName': '生物分类虚拟树', 'virtualTreeType': '自建', 'type': 'BODY', 'snType': 0, 'siteId': '637dde4778d2a708fc7ba545', 'lastTreeId': None, 'remark': None, 'createBy': '6371facc0c4e657602bd8955', 'updateBy': '6371facc0c4e657602bd8955', 'createTime': '2023-07-18', 'updateTime': '2023-07-18', 'children': None}]",64b5edf8980c963216b59769
64b5ef90980c963216b597ed,64b5ef81980c963216b597e4,e69e1bdd1691674080000000,"[{'id': '64b5edf8980c963216b59767', 'nodeName': '生物分类虚拟树', 'virtualTreeType': '自建', 'type': 'BODY', 'snType': 0, 'siteId': '637dde4778d2a708fc7ba545', 'lastTreeId': None, 'remark': None, 'createBy': '6371facc0c4e657602bd8955', 'updateBy': '6371facc0c4e657602bd8955', 'createTime': '2023-07-18', 'updateTime': '2023-07-18', 'children': None}]",64b5edf8980c963216b5976a
64b5ef9c980c963216b597f3,64b5ef90980c963216b597ed,fe2ed3bf1691674080000000,"[{'id': '64b5edf8980c963216b59767', 'nodeName': '生物分类虚拟树', 'virtualTreeType': '自建', 'type': 'BODY', 'snType': 0, 'siteId': '637dde4778d2a708fc7ba545', 'lastTreeId': None, 'remark': None, 'createBy': '6371facc0c4e657602bd8955', 'updateBy': '6371facc0c4e657602bd8955', 'createTime': '2023-07-18', 'updateTime': '2023-07-18', 'children': None}]",64b5edf8980c963216b5976b
64b5efa6980c963216b597f9,64b5ef9c980c963216b597f3,50b883c71691674080000000,"[{'id': '64b5edf8980c963216b59767', 'nodeName': '生物分类虚拟树', 'virtualTreeType': '自建', 'type': 'BODY', 'snType': 0, 'siteId': '637dde4778d2a708fc7ba545', 'lastTreeId': None, 'remark': None, 'createBy': '6371facc0c4e657602bd8955', 'updateBy': '6371facc0c4e657602bd8955', 'createTime': '2023-07-18', 'updateTime': '2023-07-18', 'children': None}]",64b5edf8980c963216b5976c
64b5efb1980c963216b597ff,64b5efa6980c963216b597f9,de6cd4941691674080000000,"[{'id': '64b5edf8980c963216b59767', 'nodeName': '生物分类虚拟树', 'virtualTreeType': '自建', 'type': 'BODY', 'snType': 0, 'siteId': '637dde4778d2a708fc7ba545', 'lastTreeId': None, 'remark': None, 'createBy': '6371facc0c4e657602bd8955', 'updateBy': '6371facc0c4e657602bd8955', 'createTime': '2023-07-18', 'updateTime': '2023-07-18', 'children': None}]",64b5edf8980c963216b5976d
64b5efbd980c963216b59805,64b5efb1980c963216b597ff,f084d4271691674080000000,"[{'id': '64b5edf8980c963216b59767', 'nodeName': '生物分类虚拟树', 'virtualTreeType': '自建', 'type': 'BODY', 'snType': 0, 'siteId': '637dde4778d2a708fc7ba545', 'lastTreeId': None, 'remark': None, 'createBy': '6371facc0c4e657602bd8955', 'updateBy': '6371facc0c4e657602bd8955', 'createTime': '2023-07-18', 'updateTime': '2023-07-18', 'children': None}]",64b5edf8980c963216b5976e
64b5f007980c963216b59815,64b5ef81980c963216b597e4,f2eb3a431691674080000000,"[{'id': '64b5edf8980c963216b59767', 'nodeName': '生物分类虚拟树', 'virtualTreeType': '自建', 'type': 'BODY', 'snType': 0, 'siteId': '637dde4778d2a708fc7ba545', 'lastTreeId': None, 'remark': None, 'createBy': '6371facc0c4e657602bd8955', 'updateBy': '6371facc0c4e657602bd8955', 'createTime': '2023-07-18', 'updateTime': '2023-07-18', 'children': None}]",64b5edf8980c963216b5976a
64b5f012980c963216b5981a,64b5f007980c963216b59815,29ead0281691674080000000,"[{'id': '64b5edf8980c963216b59767', 'nodeName': '生物分类虚拟树', 'virtualTreeType': '自建', 'type': 'BODY', 'snType': 0, 'siteId': '637dde4778d2a708fc7ba545', 'lastTreeId': None, 'remark': None, 'createBy': '6371facc0c4e657602bd8955', 'updateBy': '6371facc0c4e657602bd8955', 'createTime': '2023-07-18', 'updateTime': '2023-07-18', 'children': None}]",64b5edf8980c963216b5976b
64b5f01d980c963216b5981f,64b5f012980c963216b5981a,b5018e9f1691674080000000,"[{'id': '64b5edf8980c963216b59767', 'nodeName': '生物分类虚拟树', 'virtualTreeType': '自建', 'type': 'BODY', 'snType': 0, 'siteId': '637dde4778d2a708fc7ba545', 'lastTreeId': None, 'remark': None, 'createBy': '6371facc0c4e657602bd8955', 'updateBy': '6371facc0c4e657602bd8955', 'createTime': '2023-07-18', 'updateTime': '2023-07-18', 'children': None}]",64b5edf8980c963216b5976c
64b5f05b980c963216b59824,64b5f0dd980c963216b59857,816a856e1691674080000000,"[{'id': '64b5edf8980c963216b59767', 'nodeName': '生物分类虚拟树', 'virtualTreeType': '自建', 'type': 'BODY', 'snType': 0, 'siteId': '637dde4778d2a708fc7ba545', 'lastTreeId': None, 'remark': None, 'createBy': '6371facc0c4e657602bd8955', 'updateBy': '6371facc0c4e657602bd8955', 'createTime': '2023-07-18', 'updateTime': '2023-07-18', 'children': None}]",64b5edf8980c963216b5976e
64b5f0dd980c963216b59857,64b5f01d980c963216b5981f,c3ad95d01691674080000000,"[{'id': '64b5edf8980c963216b59767', 'nodeName': '生物分类虚拟树', 'virtualTreeType': '自建', 'type': 'BODY', 'snType': 0, 'siteId': '637dde4778d2a708fc7ba545', 'lastTreeId': None, 'remark': None, 'createBy': '6371facc0c4e657602bd8955', 'updateBy': '6371facc0c4e657602bd8955', 'createTime': '2023-07-18', 'updateTime': '2023-07-18', 'children': None}]",64b5edf8980c963216b5976d
64b5f0f8980c963216b59864,64b5f007980c963216b59815,667ef6cc1691674080000000,"[{'id': '64b5edf8980c963216b59767', 'nodeName': '生物分类虚拟树', 'virtualTreeType': '自建', 'type': 'BODY', 'snType': 0, 'siteId': '637dde4778d2a708fc7ba545', 'lastTreeId': None, 'remark': None, 'createBy': '6371facc0c4e657602bd8955', 'updateBy': '6371facc0c4e657602bd8955', 'createTime': '2023-07-18', 'updateTime': '2023-07-18', 'children': None}]",64b5edf8980c963216b5976b
64b5f103980c963216b59870,64b5f0f8980c963216b59864,38474fb31691674080000000,"[{'id': '64b5edf8980c963216b59767', 'nodeName': '生物分类虚拟树', 'virtualTreeType': '自建', 'type': 'BODY', 'snType': 0, 'siteId': '637dde4778d2a708fc7ba545', 'lastTreeId': None, 'remark': None, 'createBy': '6371facc0c4e657602bd8955', 'updateBy': '6371facc0c4e657602bd8955', 'createTime': '2023-07-18', 'updateTime': '2023-07-18', 'children': None}]",64b5edf8980c963216b5976c
64b5f10e980c963216b59879,64b5f103980c963216b59870,00e02a601691674080000000,"[{'id': '64b5edf8980c963216b59767', 'nodeName': '生物分类虚拟树', 'virtualTreeType': '自建', 'type': 'BODY', 'snType': 0, 'siteId': '637dde4778d2a708fc7ba545', 'lastTreeId': None, 'remark': None, 'createBy': '6371facc0c4e657602bd8955', 'updateBy': '6371facc0c4e657602bd8955', 'createTime': '2023-07-18', 'updateTime': '2023-07-18', 'children': None}]",64b5edf8980c963216b5976d
64b5f11d980c963216b59880,64b5f10e980c963216b59879,9c8159411691674080000000,"[{'id': '64b5edf8980c963216b59767', 'nodeName': '生物分类虚拟树', 'virtualTreeType': '自建', 'type': 'BODY', 'snType': 0, 'siteId': '637dde4778d2a708fc7ba545', 'lastTreeId': None, 'remark': None, 'createBy': '6371facc0c4e657602bd8955', 'updateBy': '6371facc0c4e657602bd8955', 'createTime': '2023-07-18', 'updateTime': '2023-07-18', 'children': None}]",64b5edf8980c963216b5976e
64b5f141980c963216b5988e,64b5f007980c963216b59815,44f1a63a1691674080000000,"[{'id': '64b5edf8980c963216b59767', 'nodeName': '生物分类虚拟树', 'virtualTreeType': '自建', 'type': 'BODY', 'snType': 0, 'siteId': '637dde4778d2a708fc7ba545', 'lastTreeId': None, 'remark': None, 'createBy': '6371facc0c4e657602bd8955', 'updateBy': '6371facc0c4e657602bd8955', 'createTime': '2023-07-18', 'updateTime': '2023-07-18', 'children': None}]",64b5edf8980c963216b5976b
64b5f14d980c963216b59895,64b5f141980c963216b5988e,bed15d0d1691674080000000,"[{'id': '64b5edf8980c963216b59767', 'nodeName': '生物分类虚拟树', 'virtualTreeType': '自建', 'type': 'BODY', 'snType': 0, 'siteId': '637dde4778d2a708fc7ba545', 'lastTreeId': None, 'remark': None, 'createBy': '6371facc0c4e657602bd8955', 'updateBy': '6371facc0c4e657602bd8955', 'createTime': '2023-07-18', 'updateTime': '2023-07-18', 'children': None}]",64b5edf8980c963216b5976c
64b5f158980c963216b598a4,64b5f14d980c963216b59895,ffde4c751691674080000000,"[{'id': '64b5edf8980c963216b59767', 'nodeName': '生物分类虚拟树', 'virtualTreeType': '自建', 'type': 'BODY', 'snType': 0, 'siteId': '637dde4778d2a708fc7ba545', 'lastTreeId': None, 'remark': None, 'createBy': '6371facc0c4e657602bd8955', 'updateBy': '6371facc0c4e657602bd8955', 'createTime': '2023-07-18', 'updateTime': '2023-07-18', 'children': None}]",64b5edf8980c963216b5976d
64b5f174980c963216b598af,64b5f158980c963216b598a4,67b7a57b1691674080000000,"[{'id': '64b5edf8980c963216b59767', 'nodeName': '生物分类虚拟树', 'virtualTreeType': '自建', 'type': 'BODY', 'snType': 0, 'siteId': '637dde4778d2a708fc7ba545', 'lastTreeId': None, 'remark': None, 'createBy': '6371facc0c4e657602bd8955', 'updateBy': '6371facc0c4e657602bd8955', 'createTime': '2023-07-18', 'updateTime': '2023-07-18', 'children': None}]",64b5edf8980c963216b5976e
64b5f174980c963216b598b0,64b5f158980c963216b598a4,91d767541691674080000000,"[{'id': '64b5edf8980c963216b59767', 'nodeName': '生物分类虚拟树', 'virtualTreeType': '自建', 'type': 'BODY', 'snType': 0, 'siteId': '637dde4778d2a708fc7ba545', 'lastTreeId': None, 'remark': None, 'createBy': '6371facc0c4e657602bd8955', 'updateBy': '6371facc0c4e657602bd8955', 'createTime': '2023-07-18', 'updateTime': '2023-07-18', 'children': None}]",64b5edf8980c963216b5976e
64b5f8a9980c963216b59d53,64b5ee70980c963216b5978b,f2fbdada1691674080000000,"[{'id': '64b5edf8980c963216b59767', 'nodeName': '生物分类虚拟树', 'virtualTreeType': '自建', 'type': 'BODY', 'snType': 0, 'siteId': '637dde4778d2a708fc7ba545', 'lastTreeId': None, 'remark': None, 'createBy': '6371facc0c4e657602bd8955', 'updateBy': '6371facc0c4e657602bd8955', 'createTime': '2023-07-18', 'updateTime': '2023-07-18', 'children': None}]",64b5edf8980c963216b59769
64b5f8b5980c963216b59d61,64b5f8a9980c963216b59d53,568b8e721691674080000000,"[{'id': '64b5edf8980c963216b59767', 'nodeName': '生物分类虚拟树', 'virtualTreeType': '自建', 'type': 'BODY', 'snType': 0, 'siteId': '637dde4778d2a708fc7ba545', 'lastTreeId': None, 'remark': None, 'createBy': '6371facc0c4e657602bd8955', 'updateBy': '6371facc0c4e657602bd8955', 'createTime': '2023-07-18', 'updateTime': '2023-07-18', 'children': None}]",64b5edf8980c963216b5976a
64b5f8c0980c963216b59d68,64b5f8b5980c963216b59d61,3d329c6f1691674080000000,"[{'id': '64b5edf8980c963216b59767', 'nodeName': '生物分类虚拟树', 'virtualTreeType': '自建', 'type': 'BODY', 'snType': 0, 'siteId': '637dde4778d2a708fc7ba545', 'lastTreeId': None, 'remark': None, 'createBy': '6371facc0c4e657602bd8955', 'updateBy': '6371facc0c4e657602bd8955', 'createTime': '2023-07-18', 'updateTime': '2023-07-18', 'children': None}]",64b5edf8980c963216b5976b
64b5f8cc980c963216b59d6d,64b5f8c0980c963216b59d68,9a7599c41691674080000000,"[{'id': '64b5edf8980c963216b59767', 'nodeName': '生物分类虚拟树', 'virtualTreeType': '自建', 'type': 'BODY', 'snType': 0, 'siteId': '637dde4778d2a708fc7ba545', 'lastTreeId': None, 'remark': None, 'createBy': '6371facc0c4e657602bd8955', 'updateBy': '6371facc0c4e657602bd8955', 'createTime': '2023-07-18', 'updateTime': '2023-07-18', 'children': None}]",64b5edf8980c963216b5976c
64b5f8e1980c963216b59d7e,64b5f8cc980c963216b59d6d,44b6b2bc1691674080000000,"[{'id': '64b5edf8980c963216b59767', 'nodeName': '生物分类虚拟树', 'virtualTreeType': '自建', 'type': 'BODY', 'snType': 0, 'siteId': '637dde4778d2a708fc7ba545', 'lastTreeId': None, 'remark': None, 'createBy': '6371facc0c4e657602bd8955', 'updateBy': '6371facc0c4e657602bd8955', 'createTime': '2023-07-18', 'updateTime': '2023-07-18', 'children': None}]",64b5edf8980c963216b5976d
64b5f8ef980c963216b59d85,64b5f8e1980c963216b59d7e,0a576d2b1691674080000000,"[{'id': '64b5edf8980c963216b59767', 'nodeName': '生物分类虚拟树', 'virtualTreeType': '自建', 'type': 'BODY', 'snType': 0, 'siteId': '637dde4778d2a708fc7ba545', 'lastTreeId': None, 'remark': None, 'createBy': '6371facc0c4e657602bd8955', 'updateBy': '6371facc0c4e657602bd8955', 'createTime': '2023-07-18', 'updateTime': '2023-07-18', 'children': None}]",64b5edf8980c963216b5976e
64b5f951980c963216b59dcc,64b5ee70980c963216b5978a,51bfcfcc1691674080000000,"[{'id': '64b5edf8980c963216b59767', 'nodeName': '生物分类虚拟树', 'virtualTreeType': '自建', 'type': 'BODY', 'snType': 0, 'siteId': '637dde4778d2a708fc7ba545', 'lastTreeId': None, 'remark': None, 'createBy': '6371facc0c4e657602bd8955', 'updateBy': '6371facc0c4e657602bd8955', 'createTime': '2023-07-18', 'updateTime': '2023-07-18', 'children': None}]",64b5edf8980c963216b59769
64b5f961980c963216b59dd3,64b5f951980c963216b59dcc,171dd67b1691674080000000,"[{'id': '64b5edf8980c963216b59767', 'nodeName': '生物分类虚拟树', 'virtualTreeType': '自建', 'type': 'BODY', 'snType': 0, 'siteId': '637dde4778d2a708fc7ba545', 'lastTreeId': None, 'remark': None, 'createBy': '6371facc0c4e657602bd8955', 'updateBy': '6371facc0c4e657602bd8955', 'createTime': '2023-07-18', 'updateTime': '2023-07-18', 'children': None}]",64b5edf8980c963216b5976a
64b5f96a980c963216b59dd8,64b5f961980c963216b59dd3,276e41681691674080000000,"[{'id': '64b5edf8980c963216b59767', 'nodeName': '生物分类虚拟树', 'virtualTreeType': '自建', 'type': 'BODY', 'snType': 0, 'siteId': '637dde4778d2a708fc7ba545', 'lastTreeId': None, 'remark': None, 'createBy': '6371facc0c4e657602bd8955', 'updateBy': '6371facc0c4e657602bd8955', 'createTime': '2023-07-18', 'updateTime': '2023-07-18', 'children': None}]",64b5edf8980c963216b5976b
64b5f972980c963216b59ddd,64b5f96a980c963216b59dd8,136694de1691674080000000,"[{'id': '64b5edf8980c963216b59767', 'nodeName': '生物分类虚拟树', 'virtualTreeType': '自建', 'type': 'BODY', 'snType': 0, 'siteId': '637dde4778d2a708fc7ba545', 'lastTreeId': None, 'remark': None, 'createBy': '6371facc0c4e657602bd8955', 'updateBy': '6371facc0c4e657602bd8955', 'createTime': '2023-07-18', 'updateTime': '2023-07-18', 'children': None}]",64b5edf8980c963216b5976c
64b5f97a980c963216b59de2,64b5f972980c963216b59ddd,d2b8a0da1691674080000000,"[{'id': '64b5edf8980c963216b59767', 'nodeName': '生物分类虚拟树', 'virtualTreeType': '自建', 'type': 'BODY', 'snType': 0, 'siteId': '637dde4778d2a708fc7ba545', 'lastTreeId': None, 'remark': None, 'createBy': '6371facc0c4e657602bd8955', 'updateBy': '6371facc0c4e657602bd8955', 'createTime': '2023-07-18', 'updateTime': '2023-07-18', 'children': None}]",64b5edf8980c963216b5976d
64b5f986980c963216b59de9,64b5f97a980c963216b59de2,4aec6d781691674080000000,"[{'id': '64b5edf8980c963216b59767', 'nodeName': '生物分类虚拟树', 'virtualTreeType': '自建', 'type': 'BODY', 'snType': 0, 'siteId': '637dde4778d2a708fc7ba545', 'lastTreeId': None, 'remark': None, 'createBy': '6371facc0c4e657602bd8955', 'updateBy': '6371facc0c4e657602bd8955', 'createTime': '2023-07-18', 'updateTime': '2023-07-18', 'children': None}]",64b5edf8980c963216b5976e
64b5f9bf980c963216b59df0,64b5ee70980c963216b59787,f3e2a82c1691674080000000,"[{'id': '64b5edf8980c963216b59767', 'nodeName': '生物分类虚拟树', 'virtualTreeType': '自建', 'type': 'BODY', 'snType': 0, 'siteId': '637dde4778d2a708fc7ba545', 'lastTreeId': None, 'remark': None, 'createBy': '6371facc0c4e657602bd8955', 'updateBy': '6371facc0c4e657602bd8955', 'createTime': '2023-07-18', 'updateTime': '2023-07-18', 'children': None}]",64b5edf8980c963216b59769
64b5f9bf980c963216b59df1,64b5ee70980c963216b59787,9cf155741691674080000000,"[{'id': '64b5edf8980c963216b59767', 'nodeName': '生物分类虚拟树', 'virtualTreeType': '自建', 'type': 'BODY', 'snType': 0, 'siteId': '637dde4778d2a708fc7ba545', 'lastTreeId': None, 'remark': None, 'createBy': '6371facc0c4e657602bd8955', 'updateBy': '6371facc0c4e657602bd8955', 'createTime': '2023-07-18', 'updateTime': '2023-07-18', 'children': None}]",64b5edf8980c963216b59769
64b5f9cc980c963216b59df7,64b5f9bf980c963216b59df0,4eca2d961691674080000000,"[{'id': '64b5edf8980c963216b59767', 'nodeName': '生物分类虚拟树', 'virtualTreeType': '自建', 'type': 'BODY', 'snType': 0, 'siteId': '637dde4778d2a708fc7ba545', 'lastTreeId': None, 'remark': None, 'createBy': '6371facc0c4e657602bd8955', 'updateBy': '6371facc0c4e657602bd8955', 'createTime': '2023-07-18', 'updateTime': '2023-07-18', 'children': None}]",64b5edf8980c963216b5976a
64b5f9d4980c963216b59dfc,64b5f9cc980c963216b59df7,1564d3e61691674080000000,"[{'id': '64b5edf8980c963216b59767', 'nodeName': '生物分类虚拟树', 'virtualTreeType': '自建', 'type': 'BODY', 'snType': 0, 'siteId': '637dde4778d2a708fc7ba545', 'lastTreeId': None, 'remark': None, 'createBy': '6371facc0c4e657602bd8955', 'updateBy': '6371facc0c4e657602bd8955', 'createTime': '2023-07-18', 'updateTime': '2023-07-18', 'children': None}]",64b5edf8980c963216b5976b
64b5f9dc980c963216b59e01,64b5f9d4980c963216b59dfc,55e7bf741691674080000000,"[{'id': '64b5edf8980c963216b59767', 'nodeName': '生物分类虚拟树', 'virtualTreeType': '自建', 'type': 'BODY', 'snType': 0, 'siteId': '637dde4778d2a708fc7ba545', 'lastTreeId': None, 'remark': None, 'createBy': '6371facc0c4e657602bd8955', 'updateBy': '6371facc0c4e657602bd8955', 'createTime': '2023-07-18', 'updateTime': '2023-07-18', 'children': None}]",64b5edf8980c963216b5976c
64b5f9f8980c963216b59e20,64b5f9dc980c963216b59e01,cc8730131691674080000000,"[{'id': '64b5edf8980c963216b59767', 'nodeName': '生物分类虚拟树', 'virtualTreeType': '自建', 'type': 'BODY', 'snType': 0, 'siteId': '637dde4778d2a708fc7ba545', 'lastTreeId': None, 'remark': None, 'createBy': '6371facc0c4e657602bd8955', 'updateBy': '6371facc0c4e657602bd8955', 'createTime': '2023-07-18', 'updateTime': '2023-07-18', 'children': None}]",64b5edf8980c963216b5976d
64b5fa02980c963216b59e25,64b5f9f8980c963216b59e20,dea341771691674080000000,"[{'id': '64b5edf8980c963216b59767', 'nodeName': '生物分类虚拟树', 'virtualTreeType': '自建', 'type': 'BODY', 'snType': 0, 'siteId': '637dde4778d2a708fc7ba545', 'lastTreeId': None, 'remark': None, 'createBy': '6371facc0c4e657602bd8955', 'updateBy': '6371facc0c4e657602bd8955', 'createTime': '2023-07-18', 'updateTime': '2023-07-18', 'children': None}]",64b5edf8980c963216b5976e
64b5fa02980c963216b59e26,64b5f9f8980c963216b59e20,6f0db7ea1691674080000000,"[{'id': '64b5edf8980c963216b59767', 'nodeName': '生物分类虚拟树', 'virtualTreeType': '自建', 'type': 'BODY', 'snType': 0, 'siteId': '637dde4778d2a708fc7ba545', 'lastTreeId': None, 'remark': None, 'createBy': '6371facc0c4e657602bd8955', 'updateBy': '6371facc0c4e657602bd8955', 'createTime': '2023-07-18', 'updateTime': '2023-07-18', 'children': None}]",64b5edf8980c963216b5976e
64b5fa24980c963216b59e2c,64b5f9bf980c963216b59df1,cb114a111691674080000000,"[{'id': '64b5edf8980c963216b59767', 'nodeName': '生物分类虚拟树', 'virtualTreeType': '自建', 'type': 'BODY', 'snType': 0, 'siteId': '637dde4778d2a708fc7ba545', 'lastTreeId': None, 'remark': None, 'createBy': '6371facc0c4e657602bd8955', 'updateBy': '6371facc0c4e657602bd8955', 'createTime': '2023-07-18', 'updateTime': '2023-07-18', 'children': None}]",64b5edf8980c963216b5976a
64b5fa2d980c963216b59e47,64b5fa24980c963216b59e2c,bb5d5c061691674080000000,"[{'id': '64b5edf8980c963216b59767', 'nodeName': '生物分类虚拟树', 'virtualTreeType': '自建', 'type': 'BODY', 'snType': 0, 'siteId': '637dde4778d2a708fc7ba545', 'lastTreeId': None, 'remark': None, 'createBy': '6371facc0c4e657602bd8955', 'updateBy': '6371facc0c4e657602bd8955', 'createTime': '2023-07-18', 'updateTime': '2023-07-18', 'children': None}]",64b5edf8980c963216b5976b
64b5fa36980c963216b59e50,64b5fa2d980c963216b59e47,891ce51d1691674080000000,"[{'id': '64b5edf8980c963216b59767', 'nodeName': '生物分类虚拟树', 'virtualTreeType': '自建', 'type': 'BODY', 'snType': 0, 'siteId': '637dde4778d2a708fc7ba545', 'lastTreeId': None, 'remark': None, 'createBy': '6371facc0c4e657602bd8955', 'updateBy': '6371facc0c4e657602bd8955', 'createTime': '2023-07-18', 'updateTime': '2023-07-18', 'children': None}]",64b5edf8980c963216b5976c
64b5fa48980c963216b59e57,64b5fa36980c963216b59e50,214e17421691674080000000,"[{'id': '64b5edf8980c963216b59767', 'nodeName': '生物分类虚拟树', 'virtualTreeType': '自建', 'type': 'BODY', 'snType': 0, 'siteId': '637dde4778d2a708fc7ba545', 'lastTreeId': None, 'remark': None, 'createBy': '6371facc0c4e657602bd8955', 'updateBy': '6371facc0c4e657602bd8955', 'createTime': '2023-07-18', 'updateTime': '2023-07-18', 'children': None}]",64b5edf8980c963216b5976d
64b5fa5e980c963216b59e60,64b5fa48980c963216b59e57,f3cfa1061691674080000000,"[{'id': '64b5edf8980c963216b59767', 'nodeName': '生物分类虚拟树', 'virtualTreeType': '自建', 'type': 'BODY', 'snType': 0, 'siteId': '637dde4778d2a708fc7ba545', 'lastTreeId': None, 'remark': None, 'createBy': '6371facc0c4e657602bd8955', 'updateBy': '6371facc0c4e657602bd8955', 'createTime': '2023-07-18', 'updateTime': '2023-07-18', 'children': None}]",64b5edf8980c963216b5976e
64b5fa88980c963216b59e71,64b5ee70980c963216b59789,a635f58e1691674080000000,"[{'id': '64b5edf8980c963216b59767', 'nodeName': '生物分类虚拟树', 'virtualTreeType': '自建', 'type': 'BODY', 'snType': 0, 'siteId': '637dde4778d2a708fc7ba545', 'lastTreeId': None, 'remark': None, 'createBy': '6371facc0c4e657602bd8955', 'updateBy': '6371facc0c4e657602bd8955', 'createTime': '2023-07-18', 'updateTime': '2023-07-18', 'children': None}]",64b5edf8980c963216b59769
64b5fa90980c963216b59e78,64b5fa88980c963216b59e71,b83949fb1691674080000000,"[{'id': '64b5edf8980c963216b59767', 'nodeName': '生物分类虚拟树', 'virtualTreeType': '自建', 'type': 'BODY', 'snType': 0, 'siteId': '637dde4778d2a708fc7ba545', 'lastTreeId': None, 'remark': None, 'createBy': '6371facc0c4e657602bd8955', 'updateBy': '6371facc0c4e657602bd8955', 'createTime': '2023-07-18', 'updateTime': '2023-07-18', 'children': None}]",64b5edf8980c963216b5976a
64b5fa98980c963216b59e7d,64b5fa90980c963216b59e78,b209504e1691674080000000,"[{'id': '64b5edf8980c963216b59767', 'nodeName': '生物分类虚拟树', 'virtualTreeType': '自建', 'type': 'BODY', 'snType': 0, 'siteId': '637dde4778d2a708fc7ba545', 'lastTreeId': None, 'remark': None, 'createBy': '6371facc0c4e657602bd8955', 'updateBy': '6371facc0c4e657602bd8955', 'createTime': '2023-07-18', 'updateTime': '2023-07-18', 'children': None}]",64b5edf8980c963216b5976b
64b5faa2980c963216b59e8e,64b5fa98980c963216b59e7d,b7f5eeb71691674080000000,"[{'id': '64b5edf8980c963216b59767', 'nodeName': '生物分类虚拟树', 'virtualTreeType': '自建', 'type': 'BODY', 'snType': 0, 'siteId': '637dde4778d2a708fc7ba545', 'lastTreeId': None, 'remark': None, 'createBy': '6371facc0c4e657602bd8955', 'updateBy': '6371facc0c4e657602bd8955', 'createTime': '2023-07-18', 'updateTime': '2023-07-18', 'children': None}]",64b5edf8980c963216b5976c
64b5faad980c963216b59ea3,64b5faa2980c963216b59e8e,5183209b1691674080000000,"[{'id': '64b5edf8980c963216b59767', 'nodeName': '生物分类虚拟树', 'virtualTreeType': '自建', 'type': 'BODY', 'snType': 0, 'siteId': '637dde4778d2a708fc7ba545', 'lastTreeId': None, 'remark': None, 'createBy': '6371facc0c4e657602bd8955', 'updateBy': '6371facc0c4e657602bd8955', 'createTime': '2023-07-18', 'updateTime': '2023-07-18', 'children': None}]",64b5edf8980c963216b5976d
64b5fab7980c963216b59eb4,64b5faad980c963216b59ea3,eacbe0ea1691674080000000,"[{'id': '64b5edf8980c963216b59767', 'nodeName': '生物分类虚拟树', 'virtualTreeType': '自建', 'type': 'BODY', 'snType': 0, 'siteId': '637dde4778d2a708fc7ba545', 'lastTreeId': None, 'remark': None, 'createBy': '6371facc0c4e657602bd8955', 'updateBy': '6371facc0c4e657602bd8955', 'createTime': '2023-07-18', 'updateTime': '2023-07-18', 'children': None}]",64b5edf8980c963216b5976e
64b5faff980c963216b59ef3,64b5ee70980c963216b59789,5d804f391691674080000000,"[{'id': '64b5edf8980c963216b59767', 'nodeName': '生物分类虚拟树', 'virtualTreeType': '自建', 'type': 'BODY', 'snType': 0, 'siteId': '637dde4778d2a708fc7ba545', 'lastTreeId': None, 'remark': None, 'createBy': '6371facc0c4e657602bd8955', 'updateBy': '6371facc0c4e657602bd8955', 'createTime': '2023-07-18', 'updateTime': '2023-07-18', 'children': None}]",64b5edf8980c963216b59769
64b5fb27980c963216b59f00,64b5faff980c963216b59ef3,ccd96d021691674080000000,"[{'id': '64b5edf8980c963216b59767', 'nodeName': '生物分类虚拟树', 'virtualTreeType': '自建', 'type': 'BODY', 'snType': 0, 'siteId': '637dde4778d2a708fc7ba545', 'lastTreeId': None, 'remark': None, 'createBy': '6371facc0c4e657602bd8955', 'updateBy': '6371facc0c4e657602bd8955', 'createTime': '2023-07-18', 'updateTime': '2023-07-18', 'children': None}]",64b5edf8980c963216b5976a
64b5fb3c980c963216b59f15,64b5fb7a980c963216b59f47,0b9082d11691674080000000,"[{'id': '64b5edf8980c963216b59767', 'nodeName': '生物分类虚拟树', 'virtualTreeType': '自建', 'type': 'BODY', 'snType': 0, 'siteId': '637dde4778d2a708fc7ba545', 'lastTreeId': None, 'remark': None, 'createBy': '6371facc0c4e657602bd8955', 'updateBy': '6371facc0c4e657602bd8955', 'createTime': '2023-07-18', 'updateTime': '2023-07-18', 'children': None}]",64b5edf8980c963216b5976c
64b5fb45980c963216b59f1a,64b5fb3c980c963216b59f15,ba27d67d1691674080000000,"[{'id': '64b5edf8980c963216b59767', 'nodeName': '生物分类虚拟树', 'virtualTreeType': '自建', 'type': 'BODY', 'snType': 0, 'siteId': '637dde4778d2a708fc7ba545', 'lastTreeId': None, 'remark': None, 'createBy': '6371facc0c4e657602bd8955', 'updateBy': '6371facc0c4e657602bd8955', 'createTime': '2023-07-18', 'updateTime': '2023-07-18', 'children': None}]",64b5edf8980c963216b5976d
64b5fb51980c963216b59f29,64b5fb45980c963216b59f1a,72981c0f1691674080000000,"[{'id': '64b5edf8980c963216b59767', 'nodeName': '生物分类虚拟树', 'virtualTreeType': '自建', 'type': 'BODY', 'snType': 0, 'siteId': '637dde4778d2a708fc7ba545', 'lastTreeId': None, 'remark': None, 'createBy': '6371facc0c4e657602bd8955', 'updateBy': '6371facc0c4e657602bd8955', 'createTime': '2023-07-18', 'updateTime': '2023-07-18', 'children': None}]",64b5edf8980c963216b5976e
64b5fb7a980c963216b59f47,64b5fb27980c963216b59f00,36f765fb1691674080000000,"[{'id': '64b5edf8980c963216b59767', 'nodeName': '生物分类虚拟树', 'virtualTreeType': '自建', 'type': 'BODY', 'snType': 0, 'siteId': '637dde4778d2a708fc7ba545', 'lastTreeId': None, 'remark': None, 'createBy': '6371facc0c4e657602bd8955', 'updateBy': '6371facc0c4e657602bd8955', 'createTime': '2023-07-18', 'updateTime': '2023-07-18', 'children': None}]",64b5edf8980c963216b5976b
64c0e4eca24fef1d47623902,,,"[{'id': '64c0de62bd50fe7b38f1d305', 'nodeName': '0726', 'virtualTreeType': '自建', 'type': 'BODY', 'snType': 0, 'siteId': '637dde4778d2a708fc7ba545', 'lastTreeId': None, 'remark': None, 'createBy': '6375a4469c933875f35e3843', 'updateBy': '6375a4469c933875f35e3843', 'createTime': '2023-07-26', 'updateTime': '2023-07-26', 'children': None}]",64c0de62bd50fe7b38f1d306
64c0e56fa24fef1d47623905,64c0e4eca24fef1d47623902,71bfbeb11691674080000000,"[{'id': '64c0de62bd50fe7b38f1d305', 'nodeName': '0726', 'virtualTreeType': '自建', 'type': 'BODY', 'snType': 0, 'siteId': '637dde4778d2a708fc7ba545', 'lastTreeId': None, 'remark': None, 'createBy': '6375a4469c933875f35e3843', 'updateBy': '6375a4469c933875f35e3843', 'createTime': '2023-07-26', 'updateTime': '2023-07-26', 'children': None}]",64c0de62bd50fe7b38f1d307
64c0e56fa24fef1d47623908,64c1c2df6632835e53b6b2d6,812541f31691674080000000,,64c0deaabd50fe7b38f1d32d
64c1c2df6632835e53b6b2d4,,,"[{'id': '64c0de62bd50fe7b38f1d305', 'nodeName': '0726', 'virtualTreeType': '自建', 'type': 'BODY', 'snType': 0, 'siteId': '637dde4778d2a708fc7ba545', 'lastTreeId': None, 'remark': None, 'createBy': '6375a4469c933875f35e3843', 'updateBy': '6375a4469c933875f35e3843', 'createTime': '2023-07-26', 'updateTime': '2023-07-26', 'children': None}]",64c0de62bd50fe7b38f1d306
64c1c2df6632835e53b6b2d6,64c1c2df6632835e53b6b2d4,6aa420631691674080000000,"[{'id': '64c0de62bd50fe7b38f1d305', 'nodeName': '0726', 'virtualTreeType': '自建', 'type': 'BODY', 'snType': 0, 'siteId': '637dde4778d2a708fc7ba545', 'lastTreeId': None, 'remark': None, 'createBy': '6375a4469c933875f35e3843', 'updateBy': '6375a4469c933875f35e3843', 'createTime': '2023-07-26', 'updateTime': '2023-07-26', 'children': None}]",64c0de62bd50fe7b38f1d307
